,表チーム,裏チーム,表得点,裏得点
0,Rソックス,タイガース,5,6
1,Rソックス,タイガース,1,4
2,Rソックス,タイガース,7,5
3,Rソックス,タイガース,1,2
4,ツインズ,タイガース,1,2
5,ツインズ,タイガース,3,5
6,ツインズ,タイガース,11,5
7,マリナーズ,タイガース,8,0
8,マリナーズ,タイガース,2,1
9,Wソックス,タイガース,7,3
10,Wソックス,タイガース,6,4
11,Wソックス,タイガース,3,7
12,インディアンス,タイガース,1,7
13,インディアンス,タイガース,2,5
14,インディアンス,タイガース,3,2
15,オリオールズ,タイガース,13,11
16,オリオールズ,タイガース,4,5
17,オリオールズ,タイガース,5,6
18,レンジャーズ,タイガース,5,3
19,レンジャーズ,タイガース,3,9
20,Wソックス,タイガース,1,10
21,Wソックス,タイガース,4,7
22,エンゼルス,タイガース,5,3
23,エンゼルス,タイガース,0,4
24,エンゼルス,タイガース,11,4
25,Dバックス,タイガース,2,1
26,レイズ,タイガース,3,5
27,レイズ,タイガース,4,13
28,ロイヤルズ,タイガース,3,5
29,ロイヤルズ,タイガース,8,2
30,インディアンス,タイガース,4,1
31,インディアンス,タイガース,11,8
32,ジャイアンツ,タイガース,3,5
33,ジャイアンツ,タイガース,2,6
34,ア・リーグ,ナ・リーグ,2,1
35,ロイヤルズ,タイガース,5,3
36,ロイヤルズ,タイガース,3,1
37,ロイヤルズ,タイガース,16,2
38,アストロズ,タイガース,6,5
39,アストロズ,タイガース,3,5
40,アストロズ,タイガース,1,13
41,パイレーツ,タイガース,0,10
42,パイレーツ,タイガース,7,5
43,ツインズ,タイガース,9,4
44,ツインズ,タイガース,11,12
45,ツインズ,タイガース,6,4
46,ドジャース,タイガース,8,5
47,ドジャース,タイガース,3,0
48,ヤンキース,タイガース,13,4
49,ヤンキース,タイガース,10,2
50,ヤンキース,タイガース,6,10
51,インディアンス,タイガース,10,0
52,インディアンス,タイガース,5,2
53,ロイヤルズ,タイガース,2,13
54,ロイヤルズ,タイガース,13,2
55,Wソックス,タイガース,17,7
56,Wソックス,タイガース,2,3
57,Wソックス,タイガース,10,4
58,Wソックス,タイガース,0,12
59,アスレチックス,タイガース,8,3
60,アスレチックス,タイガース,9,8
61,アスレチックス,タイガース,3,2
62,ツインズ,タイガース,10,4
63,ツインズ,タイガース,10,4
64,Wソックス,インディアンス,1,2
65,Wソックス,インディアンス,2,1
66,Wソックス,インディアンス,10,4
67,タイガース,インディアンス,7,6
68,タイガース,インディアンス,6,13
69,タイガース,インディアンス,4,1
70,アストロズ,インディアンス,6,7
71,アストロズ,インディアンス,3,4
72,マリナーズ,インディアンス,3,1
73,マリナーズ,インディアンス,3,4
74,マリナーズ,インディアンス,4,12
75,ツインズ,インディアンス,1,0
76,ツインズ,インディアンス,4,1
77,ツインズ,インディアンス,3,8
78,レイズ,インディアンス,7,8
79,レイズ,インディアンス,6,4
80,レイズ,インディアンス,7,4
81,レッズ,インディアンス,4,3
82,ロイヤルズ,インディアンス,5,2
83,ロイヤルズ,インディアンス,1,10
84,アスレチックス,インディアンス,3,5
85,アスレチックス,インディアンス,4,9
86,アスレチックス,インディアンス,3,1
87,アスレチックス,インディアンス,0,8
88,Wソックス,インディアンス,3,7
89,Wソックス,インディアンス,5,3
90,Wソックス,インディアンス,2,4
91,ドジャース,インディアンス,6,4
92,ドジャース,インディアンス,5,12
93,ツインズ,インディアンス,5,0
94,ツインズ,インディアンス,4,2
95,ツインズ,インディアンス,4,0
96,レンジャーズ,インディアンス,9,15
97,レンジャーズ,インディアンス,2,1
98,レンジャーズ,インディアンス,3,5
99,パドレス,インディアンス,1,0
100,パドレス,インディアンス,2,11
101,タイガース,インディアンス,2,11
102,タイガース,インディアンス,0,4
103,タイガース,インディアンス,5,3
104,ブルージェイズ,インディアンス,3,13
105,ブルージェイズ,インディアンス,1,8
106,エンゼルス,インディアンス,7,11
107,エンゼルス,インディアンス,4,10
108,エンゼルス,インディアンス,1,2
109,ヤンキース,インディアンス,1,5
110,ヤンキース,インディアンス,2,7
111,ヤンキース,インディアンス,2,1
112,ヤンキース,インディアンス,8,1
113,ロッキーズ,インディアンス,1,4
114,ロッキーズ,インディアンス,3,2
115,Rソックス,インディアンス,9,1
116,Rソックス,インディアンス,6,1
117,Rソックス,インディアンス,6,13
118,ロイヤルズ,インディアンス,0,4
119,ロイヤルズ,インディアンス,0,4
120,ロイヤルズ,インディアンス,0,12
121,オリオールズ,インディアンス,0,5
122,オリオールズ,インディアンス,2,4
123,オリオールズ,インディアンス,2,3
124,タイガース,インディアンス,0,11
125,タイガース,インディアンス,0,2
126,タイガース,インディアンス,3,5
127,ロイヤルズ,インディアンス,2,3
128,ロイヤルズ,インディアンス,4,3
129,ロイヤルズ,インディアンス,4,8
130,ロイヤルズ,インディアンス,2,3
131,ツインズ,インディアンス,8,6
132,ツインズ,インディアンス,2,4
133,ツインズ,インディアンス,2,5
134,Wソックス,インディアンス,1,10
135,Wソックス,インディアンス,2,1
136,Wソックス,インディアンス,1,3
137,アスレチックス,ロイヤルズ,2,0
138,アスレチックス,ロイヤルズ,8,3
139,アスレチックス,ロイヤルズ,1,3
140,エンゼルス,ロイヤルズ,1,7
141,エンゼルス,ロイヤルズ,2,3
142,エンゼルス,ロイヤルズ,0,1
143,ジャイアンツ,ロイヤルズ,2,1
144,ジャイアンツ,ロイヤルズ,0,2
145,ツインズ,ロイヤルズ,6,4
146,ツインズ,ロイヤルズ,7,5
147,Wソックス,ロイヤルズ,1,6
148,Wソックス,ロイヤルズ,6,0
149,Wソックス,ロイヤルズ,1,6
150,Wソックス,ロイヤルズ,8,3
151,インディアンス,ロイヤルズ,1,3
152,インディアンス,ロイヤルズ,3,1
153,インディアンス,ロイヤルズ,1,0
154,オリオールズ,ロイヤルズ,2,3
155,オリオールズ,ロイヤルズ,3,4
156,オリオールズ,ロイヤルズ,8,9
157,ヤンキース,ロイヤルズ,7,1
158,ヤンキース,ロイヤルズ,11,7
159,ヤンキース,ロイヤルズ,1,5
160,タイガース,ロイヤルズ,10,7
161,タイガース,ロイヤルズ,0,1
162,タイガース,ロイヤルズ,6,5
163,インディアンス,ロイヤルズ,5,12
164,インディアンス,ロイヤルズ,8,0
165,アストロズ,ロイヤルズ,7,3
166,アストロズ,ロイヤルズ,7,9
167,アストロズ,ロイヤルズ,5,7
168,アストロズ,ロイヤルズ,6,1
169,Rソックス,ロイヤルズ,2,4
170,Rソックス,ロイヤルズ,8,3
171,Rソックス,ロイヤルズ,4,6
172,ブルージェイズ,ロイヤルズ,4,5
173,ブルージェイズ,ロイヤルズ,2,3
174,ブルージェイズ,ロイヤルズ,8,2
175,ツインズ,ロイヤルズ,6,11
176,ツインズ,ロイヤルズ,2,6
177,タイガース,ロイヤルズ,10,2
178,タイガース,ロイヤルズ,9,3
179,タイガース,ロイヤルズ,3,4
180,タイガース,ロイヤルズ,4,16
181,Wソックス,ロイヤルズ,6,7
182,Wソックス,ロイヤルズ,4,5
183,マリナーズ,ロイヤルズ,4,6
184,マリナーズ,ロイヤルズ,5,2
185,マリナーズ,ロイヤルズ,8,7
186,カージナルス,ロイヤルズ,11,3
187,カージナルス,ロイヤルズ,10,3
188,インディアンス,ロイヤルズ,10,1
189,インディアンス,ロイヤルズ,5,0
190,ロッキーズ,ロイヤルズ,2,3
191,ロッキーズ,ロイヤルズ,4,6
192,ロッキーズ,ロイヤルズ,3,2
193,レイズ,ロイヤルズ,12,0
194,レイズ,ロイヤルズ,2,6
195,レイズ,ロイヤルズ,5,3
196,ツインズ,ロイヤルズ,4,2
197,ツインズ,ロイヤルズ,8,5
198,ツインズ,ロイヤルズ,3,11
199,Wソックス,ロイヤルズ,11,3
200,Wソックス,ロイヤルズ,3,4
201,Wソックス,ロイヤルズ,5,3
202,タイガース,ロイヤルズ,1,2
203,タイガース,ロイヤルズ,4,7
204,タイガース,ロイヤルズ,4,1
205,Dバックス,ロイヤルズ,1,2
206,Dバックス,ロイヤルズ,3,4
207,Dバックス,ロイヤルズ,14,2
208,ロイヤルズ,ツインズ,1,7
209,ロイヤルズ,ツインズ,1,9
210,ロイヤルズ,ツインズ,3,5
211,Wソックス,ツインズ,2,1
212,Wソックス,ツインズ,0,6
213,Wソックス,ツインズ,3,1
214,インディアンス,ツインズ,3,1
215,インディアンス,ツインズ,11,4
216,インディアンス,ツインズ,6,2
217,タイガース,ツインズ,3,6
218,タイガース,ツインズ,5,4
219,タイガース,ツインズ,13,4
220,アスレチックス,ツインズ,1,9
221,アスレチックス,ツインズ,4,7
222,アスレチックス,ツインズ,8,5
223,Rソックス,ツインズ,3,4
224,Rソックス,ツインズ,11,1
225,Rソックス,ツインズ,17,6
226,ロッキーズ,ツインズ,7,3
227,ロッキーズ,ツインズ,5,1
228,ロイヤルズ,ツインズ,3,4
229,レイズ,ツインズ,3,5
230,レイズ,ツインズ,8,6
231,アストロズ,ツインズ,16,8
232,アストロズ,ツインズ,7,2
233,アストロズ,ツインズ,17,6
234,マリナーズ,ツインズ,14,3
235,マリナーズ,ツインズ,2,6
236,インディアンス,ツインズ,8,1
237,Wソックス,ツインズ,7,9
238,Wソックス,ツインズ,2,4
239,Wソックス,ツインズ,9,0
240,エンゼルス,ツインズ,5,9
241,エンゼルス,ツインズ,4,5
242,オリオールズ,ツインズ,4,6
243,オリオールズ,ツインズ,6,9
244,オリオールズ,ツインズ,5,1
245,オリオールズ,ツインズ,11,5
246,ヤンキース,ツインズ,2,4
247,ヤンキース,ツインズ,6,3
248,ヤンキース,ツインズ,1,6
249,タイガース,ツインズ,6,3
250,タイガース,ツインズ,9,6
251,レンジャーズ,ツインズ,4,1
252,レンジャーズ,ツインズ,4,8
253,レンジャーズ,ツインズ,4,1
254,レンジャーズ,ツインズ,5,6
255,ブリュワーズ,ツインズ,4,5
256,ブリュワーズ,ツインズ,4,11
257,インディアンス,ツインズ,8,1
258,インディアンス,ツインズ,9,3
259,Dバックス,ツインズ,3,10
260,Dバックス,ツインズ,0,5
261,Wソックス,ツインズ,4,6
262,Wソックス,ツインズ,1,11
263,Wソックス,ツインズ,4,5
264,ロイヤルズ,ツインズ,7,6
265,ロイヤルズ,ツインズ,0,17
266,パドレス,ツインズ,0,16
267,パドレス,ツインズ,1,3
268,ブルージェイズ,ツインズ,2,3
269,ブルージェイズ,ツインズ,4,3
270,ブルージェイズ,ツインズ,7,2
271,ブルージェイズ,ツインズ,7,13
272,タイガース,ツインズ,3,6
273,タイガース,ツインズ,3,2
274,タイガース,ツインズ,1,5
275,タイガース,Wソックス,2,11
276,ツインズ,Wソックス,3,1
277,ツインズ,Wソックス,2,6
278,ツインズ,Wソックス,4,1
279,インディアンス,Wソックス,3,0
280,ドジャース,カブス,2,3
281,インディアンス,Wソックス,7,0
282,インディアンス,Wソックス,2,6
283,ロイヤルズ,Wソックス,1,12
284,ロイヤルズ,Wソックス,2,5
285,ツインズ,Wソックス,7,2
286,ツインズ,Wソックス,7,6
287,パドレス,Wソックス,6,3
288,ドジャース,カブス,2,0
289,パドレス,Wソックス,4,5
290,パドレス,Wソックス,3,9
291,タイガース,Wソックス,0,3
292,タイガース,Wソックス,3,7
293,Rソックス,Wソックス,4,5
294,ドジャース,カブス,0,4
295,Rソックス,Wソックス,13,7
296,Rソックス,Wソックス,4,1
297,パイレーツ,カブス,4,2
298,オリオールズ,Wソックス,7,10
299,パイレーツ,カブス,8,7
300,オリオールズ,Wソックス,2,5
301,パイレーツ,カブス,6,1
302,アスレチックス,Wソックス,3,0
303,アスレチックス,Wソックス,10,2
304,ブリュワーズ,カブス,6,3
305,アスレチックス,Wソックス,5,3
306,ブリュワーズ,カブス,7,9
307,ヤンキース,Wソックス,6,5
308,ブリュワーズ,カブス,4,7
309,ヤンキース,Wソックス,3,4
310,ヤンキース,Wソックス,12,3
311,フィリーズ,カブス,10,2
312,フィリーズ,カブス,3,8
313,フィリーズ,カブス,4,5
314,フィリーズ,カブス,4,4
315,ヤンキース,カブス,3,2
316,ヤンキース,カブス,11,6
317,ヤンキース,カブス,5,4
318,レッズ,カブス,5,9
319,レッズ,カブス,5,7
320,レッズ,カブス,5,9
321,レンジャーズ,Wソックス,10,4
322,ブリュワーズ,カブス,6,3
323,レンジャーズ,Wソックス,5,6
324,ジャイアンツ,カブス,6,4
325,ドジャース,Wソックス,1,0
326,ドジャース,Wソックス,9,1
327,ジャイアンツ,カブス,1,4
328,カブス,Wソックス,8,3
329,ジャイアンツ,カブス,4,5
330,ジャイアンツ,カブス,1,5
331,カブス,Wソックス,6,3
332,インディアンス,Wソックス,9,3
333,インディアンス,Wソックス,5,4
334,インディアンス,Wソックス,1,3
335,ブルージェイズ,Wソックス,6,7
336,カージナルス,カブス,3,5
337,カージナルス,カブス,6,7
338,ブルージェイズ,Wソックス,8,4
339,マーリンズ,カブス,1,3
340,ブルージェイズ,Wソックス,5,1
341,アストロズ,Wソックス,5,8
342,アストロズ,Wソックス,1,7
343,アストロズ,Wソックス,2,3
344,マーリンズ,カブス,2,10
345,ロイヤルズ,Wソックス,3,6
346,ロイヤルズ,Wソックス,5,4
347,マーリンズ,カブス,6,5
348,ロイヤルズ,Wソックス,14,6
349,ツインズ,Wソックス,4,1
350,ロッキーズ,カブス,4,1
351,ツインズ,Wソックス,3,4
352,ツインズ,Wソックス,1,5
353,ロッキーズ,カブス,5,3
354,タイガース,Wソックス,2,3
355,タイガース,Wソックス,6,3
356,タイガース,Wソックス,1,7
357,ロッキーズ,カブス,9,1
358,レイズ,Wソックス,3,1
359,レイズ,Wソックス,4,5
360,ロッキーズ,カブス,5,7
361,インディアンス,Wソックス,9,4
362,インディアンス,Wソックス,5,1
363,インディアンス,Wソックス,11,2
364,ジャイアンツ,Wソックス,9,2
365,パドレス,カブス,0,4
366,ジャイアンツ,Wソックス,1,13
367,ジャイアンツ,Wソックス,1,8
368,パドレス,カブス,3,2
369,ロイヤルズ,Wソックス,8,2
370,ロイヤルズ,Wソックス,1,8
371,エンゼルス,Wソックス,2,4
372,エンゼルス,Wソックス,9,3
373,エンゼルス,Wソックス,4,6
374,エンゼルス,Wソックス,4,5
375,レイズ,カブス,6,5
376,レイズ,カブス,3,7
377,パイレーツ,カブス,1,6
378,パイレーツ,カブス,4,2
379,パイレーツ,カブス,14,3
380,カージナルス,カブス,11,4
381,ブルージェイズ,オリオールズ,2,3
382,ブルージェイズ,オリオールズ,1,3
383,ヤンキース,オリオールズ,5,6
384,Wソックス,カブス,3,1
385,ヤンキース,オリオールズ,4,5
386,ヤンキース,オリオールズ,7,3
387,Wソックス,カブス,2,7
388,Rソックス,オリオールズ,0,2
389,Rソックス,オリオールズ,2,4
390,Rソックス,オリオールズ,6,2
391,レイズ,オリオールズ,3,6
392,Dバックス,カブス,4,16
393,レイズ,オリオールズ,4,5
394,Dバックス,カブス,3,0
395,Wソックス,オリオールズ,2,4
396,Wソックス,オリオールズ,5,6
397,Wソックス,オリオールズ,0,4
398,Dバックス,カブス,10,8
399,ナショナルズ,オリオールズ,4,6
400,ナショナルズ,オリオールズ,4,5
401,ナショナルズ,カブス,4,2
402,ブルージェイズ,オリオールズ,3,5
403,ブルージェイズ,オリオールズ,5,7
404,ナショナルズ,カブス,4,7
405,ブルージェイズ,オリオールズ,3,1
406,ツインズ,オリオールズ,14,7
407,ツインズ,オリオールズ,2,0
408,ナショナルズ,カブス,9,4
409,ツインズ,オリオールズ,4,3
410,ヤンキース,オリオールズ,2,3
411,ヤンキース,オリオールズ,8,3
412,レッズ,カブス,5,15
413,ヤンキース,オリオールズ,4,10
414,レッズ,カブス,2,1
415,Rソックス,オリオールズ,5,7
416,レッズ,カブス,6,6
417,Rソックス,オリオールズ,5,2
418,Rソックス,オリオールズ,7,3
419,パイレーツ,オリオールズ,5,6
420,レッズ,カブス,13,10
421,パイレーツ,オリオールズ,6,9
422,カージナルス,オリオールズ,11,2
423,ブルージェイズ,カブス,4,7
424,ブルージェイズ,カブス,3,4
425,インディアンス,オリオールズ,12,0
426,インディアンス,オリオールズ,5,6
427,インディアンス,オリオールズ,5,1
428,インディアンス,オリオールズ,6,3
429,パイレーツ,カブス,1,6
430,パイレーツ,カブス,1,4
431,レイズ,オリオールズ,10,3
432,レイズ,オリオールズ,1,7
433,パイレーツ,カブス,3,17
434,カブス,オリオールズ,8,0
435,レンジャーズ,オリオールズ,1,3
436,ブレーブス,カブス,2,6
437,レンジャーズ,オリオールズ,1,12
438,レンジャーズ,オリオールズ,2,10
439,ブレーブス,カブス,0,2
440,ブレーブス,カブス,12,14
441,レンジャーズ,オリオールズ,7,9
442,アストロズ,オリオールズ,8,7
443,ブリュワーズ,カブス,2,0
444,アストロズ,オリオールズ,7,9
445,ロイヤルズ,オリオールズ,1,2
446,ブリュワーズ,カブス,3,1
447,ロイヤルズ,オリオールズ,2,7
448,ロイヤルズ,オリオールズ,0,6
449,タイガース,オリオールズ,7,5
450,タイガース,オリオールズ,5,2
451,メッツ,カブス,3,8
452,タイガース,オリオールズ,2,5
453,タイガース,オリオールズ,3,12
454,エンゼルス,オリオールズ,7,9
455,メッツ,カブス,5,17
456,エンゼルス,オリオールズ,5,1
457,メッツ,カブス,6,14
458,アスレチックス,オリオールズ,6,4
459,カージナルス,カブス,2,8
460,アスレチックス,オリオールズ,7,8
461,マリナーズ,オリオールズ,6,7
462,カージナルス,カブス,1,4
463,マリナーズ,オリオールズ,0,4
464,マリナーズ,オリオールズ,7,8
465,カージナルス,カブス,3,4
466,ブルージェイズ,オリオールズ,11,8
467,ブルージェイズ,オリオールズ,0,1
468,レッズ,カブス,4,5
469,ブルージェイズ,オリオールズ,7,2
470,レッズ,カブス,0,9
471,ヤンキース,オリオールズ,6,7
472,Rソックス,オリオールズ,10,8
473,Rソックス,オリオールズ,1,0
474,Rソックス,オリオールズ,9,0
475,レイズ,オリオールズ,8,3
476,レイズ,オリオールズ,9,6
477,レイズ,オリオールズ,4,9
478,ブリュワーズ,ブルージェイズ,4,3
479,ブリュワーズ,ブルージェイズ,2,0
480,オリオールズ,ブルージェイズ,2,1
481,オリオールズ,ブルージェイズ,6,4
482,オリオールズ,ブルージェイズ,1,2
483,オリオールズ,ブルージェイズ,11,4
484,Rソックス,ブルージェイズ,8,7
485,Rソックス,ブルージェイズ,0,3
486,Rソックス,ブルージェイズ,4,1
487,レイズ,ブルージェイズ,7,4
488,レイズ,ブルージェイズ,1,4
489,レイズ,ブルージェイズ,1,3
490,インディアンス,ブルージェイズ,2,4
491,インディアンス,ブルージェイズ,6,0
492,マリナーズ,ブルージェイズ,2,7
493,マリナーズ,ブルージェイズ,0,4
494,マリナーズ,ブルージェイズ,2,7
495,マリナーズ,ブルージェイズ,2,3
496,ブレーブス,ブルージェイズ,10,6
497,ブレーブス,ブルージェイズ,9,5
498,レンジャーズ,ブルージェイズ,6,7
499,レンジャーズ,ブルージェイズ,1,3
500,レンジャーズ,ブルージェイズ,3,1
501,レッズ,ブルージェイズ,2,17
502,レッズ,ブルージェイズ,4,6
503,レッズ,ブルージェイズ,4,5
504,ヤンキース,ブルージェイズ,12,2
505,ヤンキース,ブルージェイズ,7,0
506,ヤンキース,ブルージェイズ,2,3
507,Wソックス,ブルージェイズ,11,4
508,オリオールズ,ブルージェイズ,3,1
509,オリオールズ,ブルージェイズ,0,4
510,Rソックス,ブルージェイズ,7,1
511,Rソックス,ブルージェイズ,15,1
512,アストロズ,ブルージェイズ,4,7
513,アストロズ,ブルージェイズ,12,2
514,アストロズ,ブルージェイズ,2,7
515,アストロズ,ブルージェイズ,19,1
516,アスレチックス,ブルージェイズ,2,4
517,アスレチックス,ブルージェイズ,1,4
518,アスレチックス,ブルージェイズ,2,3
519,アスレチックス,ブルージェイズ,4,8
520,エンゼルス,ブルージェイズ,7,2
521,カブス,カージナルス,3,4
522,エンゼルス,ブルージェイズ,6,5
523,エンゼルス,ブルージェイズ,10,11
524,ヤンキース,ブルージェイズ,2,4
525,カブス,カージナルス,2,1
526,ヤンキース,ブルージェイズ,11,5
527,ヤンキース,ブルージェイズ,0,4
528,パイレーツ,ブルージェイズ,4,2
529,パイレーツ,ブルージェイズ,2,7
530,パイレーツ,ブルージェイズ,1,7
531,レイズ,ブルージェイズ,1,2
532,レイズ,ブルージェイズ,6,4
533,レイズ,ブルージェイズ,2,3
534,レイズ,ブルージェイズ,3,5
535,ツインズ,ブルージェイズ,6,1
536,レッズ,カージナルス,2,0
537,ツインズ,ブルージェイズ,9,10
538,ツインズ,ブルージェイズ,7,2
539,Rソックス,ブルージェイズ,6,5
540,レッズ,カージナルス,4,10
541,Rソックス,ブルージェイズ,3,0
542,Rソックス,ブルージェイズ,7,1
543,レッズ,カージナルス,8,0
544,パイレーツ,カージナルス,1,2
545,パイレーツ,カージナルス,1,2
546,タイガース,ブルージェイズ,5,4
547,タイガース,ブルージェイズ,4,5
548,パイレーツ,カージナルス,1,2
549,タイガース,ブルージェイズ,2,8
550,オリオールズ,ブルージェイズ,3,4
551,オリオールズ,ブルージェイズ,2,3
552,オリオールズ,ブルージェイズ,2,1
553,ロイヤルズ,ブルージェイズ,2,5
554,ロイヤルズ,ブルージェイズ,15,5
555,ヤンキース,ブルージェイズ,1,8
556,ヤンキース,ブルージェイズ,5,1
557,ヤンキース,ブルージェイズ,5,9
558,ブルージェイズ,カージナルス,4,8
559,レッズ,カージナルス,5,7
560,レッズ,カージナルス,5,4
561,ブリュワーズ,カージナルス,7,5
562,ブリュワーズ,カージナルス,1,2
563,パイレーツ,Rソックス,3,5
564,パイレーツ,Rソックス,0,3
565,ブリュワーズ,カージナルス,5,4
566,オリオールズ,Rソックス,1,8
567,オリオールズ,Rソックス,12,5
568,レイズ,Rソックス,10,5
569,カブス,カージナルス,3,2
570,レイズ,Rソックス,1,2
571,レイズ,Rソックス,5,7
572,カブス,カージナルス,3,5
573,レイズ,Rソックス,3,4
574,カブス,カージナルス,0,5
575,Rソックス,カージナルス,6,3
576,ヤンキース,Rソックス,3,0
577,カブス,Rソックス,4,5
578,Rソックス,カージナルス,5,4
579,カブス,Rソックス,7,4
580,カブス,Rソックス,2,6
581,オリオールズ,Rソックス,5,2
582,ジャイアンツ,カージナルス,6,5
583,オリオールズ,Rソックス,2,5
584,ジャイアンツ,カージナルス,3,1
585,オリオールズ,Rソックス,2,4
586,オリオールズ,Rソックス,8,3
587,レイズ,Rソックス,5,4
588,レイズ,Rソックス,3,6
589,レイズ,Rソックス,11,2
590,ドジャース,カージナルス,5,1
591,レンジャーズ,Rソックス,6,11
592,レンジャーズ,Rソックス,4,9
593,ドジャース,カージナルス,9,4
594,レンジャーズ,Rソックス,2,6
595,ドジャース,カージナルス,1,2
596,マリナーズ,Rソックス,0,6
597,マリナーズ,Rソックス,5,0
598,ドジャース,カージナルス,0,2
599,フィリーズ,カージナルス,2,3
600,タイガース,Rソックス,3,5
601,タイガース,Rソックス,3,11
602,フィリーズ,カージナルス,0,7
603,タイガース,Rソックス,8,3
604,フィリーズ,Rソックス,5,6
605,フィリーズ,カージナルス,5,6
606,ブリュワーズ,カージナルス,6,4
607,パイレーツ,カージナルス,4,3
608,パイレーツ,カージナルス,7,3
609,パイレーツ,カージナルス,4,8
610,エンゼルス,Rソックス,4,9
611,エンゼルス,Rソックス,6,3
612,エンゼルス,Rソックス,4,2
613,ツインズ,Rソックス,1,4
614,ツインズ,Rソックス,2,9
615,ツインズ,Rソックス,4,1
616,ナショナルズ,カージナルス,7,2
617,マーリンズ,カージナルス,6,14
618,マーリンズ,カージナルス,5,2
619,マーリンズ,カージナルス,3,4
620,メッツ,カージナルス,6,5
621,ブルージェイズ,Rソックス,4,3
622,メッツ,カージナルス,1,4
623,ブルージェイズ,Rソックス,4,5
624,ブルージェイズ,Rソックス,1,5
625,メッツ,カージナルス,0,6
626,ブルージェイズ,Rソックス,8,6
627,ロッキーズ,カージナルス,2,8
628,ロイヤルズ,Rソックス,4,2
629,ロッキーズ,カージナルス,2,3
630,ロイヤルズ,Rソックス,8,9
631,ロッキーズ,カージナルス,5,10
632,ロイヤルズ,Rソックス,5,3
633,インディアンス,Rソックス,2,6
634,インディアンス,Rソックス,10,12
635,Dバックス,カージナルス,4,0
636,Dバックス,カージナルス,0,1
637,Wソックス,Rソックス,5,9
638,Dバックス,カージナルス,2,3
639,Wソックス,Rソックス,2,3
640,Wソックス,Rソックス,1,4
641,ロイヤルズ,カージナルス,5,8
642,Wソックス,Rソックス,3,6
643,ロイヤルズ,カージナルス,6,8
644,ブレーブス,カージナルス,5,8
645,カージナルス,Rソックス,4,10
646,カージナルス,Rソックス,4,5
647,ブレーブス,カージナルス,5,6
648,ヤンキース,Rソックス,6,9
649,ブレーブス,カージナルス,6,3
650,ヤンキース,Rソックス,4,3
651,オリオールズ,Rソックス,16,3
652,オリオールズ,Rソックス,7,0
653,パドレス,カージナルス,2,6
654,オリオールズ,Rソックス,2,1
655,パドレス,カージナルス,4,3
656,ブルージェイズ,Rソックス,2,3
657,ブルージェイズ,Rソックス,1,6
658,レイズ,カージナルス,7,3
659,レイズ,Rソックス,3,9
660,レイズ,カージナルス,4,6
661,レイズ,カージナルス,3,2
662,レイズ,Rソックス,4,1
663,アスレチックス,Rソックス,1,11
664,アスレチックス,Rソックス,7,3
665,パイレーツ,カージナルス,1,4
666,アスレチックス,Rソックス,2,6
667,パイレーツ,カージナルス,0,7
668,ブルージェイズ,Rソックス,6,4
669,ブルージェイズ,Rソックス,9,4
670,レッズ,カージナルス,4,13
671,ブルージェイズ,Rソックス,7,10
672,レッズ,カージナルス,6,0
673,アストロズ,Rソックス,12,2
674,アストロズ,Rソックス,3,2
675,レッズ,カージナルス,2,5
676,アストロズ,Rソックス,3,6
677,アストロズ,Rソックス,4,3
678,カブス,カージナルス,10,2
679,カブス,カージナルス,7,8
680,カブス,カージナルス,5,1
681,カブス,カージナルス,2,1
682,ブリュワーズ,カージナルス,5,3
683,ブリュワーズ,カージナルス,6,7
684,ブリュワーズ,カージナルス,6,1
685,レイズ,ヤンキース,1,8
686,レイズ,ヤンキース,4,8
687,レイズ,ヤンキース,2,3
688,カージナルス,ヤンキース,3,4
689,カージナルス,ヤンキース,2,3
690,カージナルス,ヤンキース,3,9
691,Wソックス,ヤンキース,4,7
692,Wソックス,ヤンキース,4,1
693,Wソックス,ヤンキース,1,9
694,オリオールズ,ヤンキース,11,14
695,オリオールズ,ヤンキース,4,12
696,オリオールズ,ヤンキース,7,4
697,ブレーブス,パイレーツ,4,5
698,ブレーブス,パイレーツ,4,6
699,ブルージェイズ,ヤンキース,7,1
700,ブルージェイズ,ヤンキース,5,11
701,ブレーブス,パイレーツ,5,6
702,ブルージェイズ,ヤンキース,6,8
703,レッズ,パイレーツ,7,1
704,レッズ,パイレーツ,6,2
705,アストロズ,ヤンキース,3,2
706,アストロズ,ヤンキース,5,1
707,レッズ,パイレーツ,9,2
708,アストロズ,ヤンキース,6,11
709,ヤンキース,パイレーツ,3,6
710,ロイヤルズ,ヤンキース,2,4
711,ロイヤルズ,ヤンキース,6,2
712,ヤンキース,パイレーツ,11,5
713,ロイヤルズ,ヤンキース,0,3
714,ヤンキース,パイレーツ,1,2
715,アスレチックス,ヤンキース,4,1
716,アスレチックス,ヤンキース,2,3
717,アスレチックス,ヤンキース,5,9
718,カブス,パイレーツ,14,3
719,Rソックス,ヤンキース,5,4
720,Rソックス,ヤンキース,0,8
721,Rソックス,ヤンキース,1,9
722,オリオールズ,ヤンキース,2,8
723,オリオールズ,ヤンキース,3,16
724,オリオールズ,ヤンキース,3,14
725,ブリュワーズ,パイレーツ,0,4
726,エンゼルス,ヤンキース,8,3
727,エンゼルス,ヤンキース,4,8
728,エンゼルス,ヤンキース,10,5
729,レンジャーズ,ヤンキース,1,2
730,レンジャーズ,ヤンキース,8,1
731,レンジャーズ,ヤンキース,7,6
732,ブルージェイズ,ヤンキース,3,6
733,ブルージェイズ,ヤンキース,4,1
734,ブリュワーズ,ヤンキース,9,4
735,ブリュワーズ,パイレーツ,1,2
736,ブリュワーズ,ヤンキース,3,5
737,ブリュワーズ,パイレーツ,6,2
738,ブリュワーズ,ヤンキース,5,3
739,レッズ,ヤンキース,2,4
740,レッズ,ヤンキース,5,9
741,レイズ,ヤンキース,5,6
742,レイズ,ヤンキース,1,6
743,ナショナルズ,パイレーツ,8,4
744,レイズ,ヤンキース,4,5
745,ナショナルズ,パイレーツ,1,6
746,レイズ,ヤンキース,5,3
747,タイガース,ヤンキース,3,7
748,ナショナルズ,パイレーツ,4,10
749,タイガース,ヤンキース,4,3
750,タイガース,ヤンキース,2,0
751,Rソックス,ヤンキース,4,5
752,フィリーズ,パイレーツ,7,2
753,Rソックス,ヤンキース,10,5
754,Rソックス,ヤンキース,3,2
755,フィリーズ,パイレーツ,3,6
756,メッツ,ヤンキース,2,4
757,メッツ,ヤンキース,4,5
758,マリナーズ,ヤンキース,2,1
759,マリナーズ,ヤンキース,3,6
760,マリナーズ,ヤンキース,1,10
761,インディアンス,ヤンキース,6,2
762,メッツ,パイレーツ,4,5
763,インディアンス,ヤンキース,2,1
764,メッツ,パイレーツ,7,2
765,Rソックス,ヤンキース,2,6
766,Rソックス,ヤンキース,4,1
767,Dバックス,パイレーツ,3,4
768,Rソックス,ヤンキース,1,5
769,Dバックス,パイレーツ,3,0
770,オリオールズ,ヤンキース,5,13
771,オリオールズ,ヤンキース,2,8
772,Dバックス,パイレーツ,6,5
773,オリオールズ,ヤンキース,3,9
774,オリオールズ,ヤンキース,6,4
775,ツインズ,ヤンキース,1,2
776,ツインズ,ヤンキース,2,5
777,ツインズ,ヤンキース,3,11
778,レイズ,ヤンキース,1,6
779,マーリンズ,パイレーツ,7,1
780,レイズ,ヤンキース,1,6
781,レイズ,ヤンキース,9,6
782,ブルージェイズ,ヤンキース,0,4
783,ブルージェイズ,ヤンキース,1,2
784,ブルージェイズ,ヤンキース,2,1
785,マーリンズ,パイレーツ,12,7
786,ヤンキース,レイズ,3,7
787,マーリンズ,パイレーツ,6,7
788,ヤンキース,レイズ,5,0
789,マーリンズ,パイレーツ,1,3
790,ヤンキース,レイズ,1,4
791,ブルージェイズ,レイズ,5,2
792,ロッキーズ,パイレーツ,2,7
793,ブルージェイズ,レイズ,8,10
794,ブルージェイズ,レイズ,2,3
795,ブルージェイズ,レイズ,2,7
796,タイガース,レイズ,1,5
797,タイガース,レイズ,7,7
798,カブス,パイレーツ,9,5
799,タイガース,レイズ,1,8
800,アストロズ,レイズ,6,3
801,アストロズ,レイズ,3,6
802,アストロズ,レイズ,6,4
803,レイズ,パイレーツ,4,2
804,レイズ,パイレーツ,2,6
805,マーリンズ,レイズ,10,6
806,マーリンズ,レイズ,1,5
807,ブルージェイズ,レイズ,8,4
808,ブルージェイズ,レイズ,1,6
809,ジャイアンツ,パイレーツ,5,3
810,ブルージェイズ,レイズ,2,1
811,ロイヤルズ,レイズ,7,3
812,ロイヤルズ,レイズ,7,6
813,ロイヤルズ,レイズ,6,0
814,ヤンキース,レイズ,4,5
815,ヤンキース,レイズ,5,9
816,ヤンキース,レイズ,3,2
817,エンゼルス,レイズ,3,2
818,エンゼルス,レイズ,4,0
819,エンゼルス,レイズ,2,5
820,エンゼルス,レイズ,0,4
821,ブリュワーズ,パイレーツ,2,4
822,Wソックス,レイズ,4,2
823,Wソックス,レイズ,1,3
824,Wソックス,レイズ,5,7
825,アスレチックス,レイズ,4,13
826,アスレチックス,レイズ,4,5
827,ブリュワーズ,パイレーツ,3,4
828,レッズ,レイズ,7,3
829,レッズ,レイズ,5,6
830,ブリュワーズ,パイレーツ,2,3
831,ブリュワーズ,パイレーツ,2,4
832,レッズ,パイレーツ,9,1
833,レッズ,パイレーツ,5,2
834,レッズ,パイレーツ,0,6
835,パドレス,パイレーツ,6,10
836,パドレス,パイレーツ,5,2
837,パドレス,パイレーツ,4,5
838,エンゼルス,アスレチックス,2,4
839,アスレチックス,レイズ,5,6
840,エンゼルス,アスレチックス,7,6
841,アスレチックス,レイズ,7,2
842,エンゼルス,アスレチックス,5,0
843,タイガース,パイレーツ,0,3
844,エンゼルス,アスレチックス,1,5
845,レッズ,レイズ,3,8
846,アストロズ,アスレチックス,7,2
847,オリオールズ,レイズ,5,15
848,アストロズ,アスレチックス,10,6
849,タイガース,パイレーツ,3,6
850,オリオールズ,レイズ,8,3
851,オリオールズ,レイズ,8,5
852,レンジャーズ,アスレチックス,7,0
853,レンジャーズ,アスレチックス,2,4
854,Rソックス,レイズ,1,4
855,レンジャーズ,アスレチックス,1,9
856,マリナーズ,アスレチックス,6,9
857,マリナーズ,アスレチックス,1,3
858,カージナルス,パイレーツ,11,7
859,カージナルス,パイレーツ,11,10
860,カージナルス,パイレーツ,4,6
861,Rソックス,レイズ,8,3
862,Rソックス,レイズ,0,1
863,マリナーズ,アスレチックス,3,4
864,Rソックス,レイズ,3,5
865,マリナーズ,アスレチックス,11,1
866,ドジャース,パイレーツ,8,5
867,レンジャーズ,レイズ,4,3
868,タイガース,アスレチックス,7,2
869,タイガース,アスレチックス,5,6
870,ドジャース,パイレーツ,0,1
871,レンジャーズ,レイズ,6,5
872,オリオールズ,レイズ,5,0
873,タイガース,アスレチックス,6,8
874,ドジャース,パイレーツ,5,2
875,オリオールズ,レイズ,4,5
876,エンゼルス,アスレチックス,2,3
877,オリオールズ,レイズ,1,5
878,エンゼルス,アスレチックス,7,3
879,ブリュワーズ,レイズ,2,0
880,Rソックス,アスレチックス,3,8
881,ブリュワーズ,レイズ,3,0
882,レッズ,パイレーツ,7,3
883,Rソックス,アスレチックス,2,3
884,ブリュワーズ,レイズ,1,2
885,Rソックス,アスレチックス,3,8
886,レッズ,パイレーツ,0,5
887,Rソックス,レイズ,2,0
888,Rソックス,レイズ,8,2
889,マーリンズ,アスレチックス,11,9
890,インディアンス,レイズ,1,4
891,マーリンズ,アスレチックス,1,4
892,インディアンス,レイズ,5,0
893,インディアンス,レイズ,3,0
894,カブス,パイレーツ,3,4
895,インディアンス,レイズ,4,3
896,カブス,パイレーツ,1,0
897,マリナーズ,レイズ,7,1
898,ナショナルズ,アスレチックス,4,10
899,マリナーズ,レイズ,7,6
900,カブス,パイレーツ,8,2
901,ナショナルズ,アスレチックス,11,10
902,ブルージェイズ,レイズ,5,6
903,ブリュワーズ,パイレーツ,3,0
904,ブルージェイズ,アスレチックス,3,5
905,ブルージェイズ,レイズ,7,6
906,ブルージェイズ,アスレチックス,1,4
907,ブルージェイズ,レイズ,0,2
908,ブルージェイズ,アスレチックス,7,5
909,ブリュワーズ,パイレーツ,4,6
910,ツインズ,レイズ,1,2
911,ツインズ,レイズ,10,6
912,カージナルス,パイレーツ,6,11
913,ヤンキース,レイズ,5,1
914,カージナルス,パイレーツ,1,4
915,ヤンキース,レイズ,1,2
916,ヤンキース,レイズ,3,2
917,オリオールズ,パイレーツ,1,10
918,Rソックス,レイズ,13,6
919,Rソックス,レイズ,3,1
920,オリオールズ,パイレーツ,3,5
921,Rソックス,レイズ,2,3
922,カブス,レイズ,2,1
923,カブス,レイズ,1,8
924,オリオールズ,レイズ,0,7
925,オリオールズ,レイズ,3,4
926,オリオールズ,レイズ,0,6
927,マリナーズ,エンゼルス,1,5
928,マリナーズ,エンゼルス,4,5
929,マリナーズ,エンゼルス,9,10
930,ロッキーズ,ブリュワーズ,7,5
931,レンジャーズ,エンゼルス,5,6
932,ロッキーズ,ブリュワーズ,6,5
933,レンジャーズ,エンゼルス,8,3
934,レンジャーズ,エンゼルス,8,3
935,ロッキーズ,ブリュワーズ,1,6
936,ロッキーズ,ブリュワーズ,2,1
937,ブルージェイズ,エンゼルス,8,7
938,カブス,ブリュワーズ,1,1
939,ブルージェイズ,エンゼルス,4,5
940,ブルージェイズ,エンゼルス,6,2
941,カブス,ブリュワーズ,11,6
942,ブルージェイズ,エンゼルス,1,2
943,カブス,ブリュワーズ,7,4
944,アスレチックス,エンゼルス,1,2
945,アストロズ,エンゼルス,7,6
946,アストロズ,エンゼルス,1,2
947,アストロズ,エンゼルス,5,3
948,タイガース,エンゼルス,7,1
949,ヤンキース,アスレチックス,7,8
950,タイガース,エンゼルス,0,7
951,ヤンキース,アスレチックス,6,7
952,タイガース,エンゼルス,4,3
953,タイガース,エンゼルス,1,4
954,Wソックス,エンゼルス,3,5
955,アストロズ,アスレチックス,8,4
956,Wソックス,エンゼルス,6,7
957,アストロズ,アスレチックス,5,1
958,Wソックス,エンゼルス,8,12
959,アストロズ,アスレチックス,12,9
960,ブレーブス,アスレチックス,4,3
961,カージナルス,ブリュワーズ,5,7
962,ブレーブス,アスレチックス,4,3
963,Wソックス,アスレチックス,7,2
964,カージナルス,ブリュワーズ,6,3
965,Wソックス,アスレチックス,6,7
966,ブレーブス,エンゼルス,6,3
967,カージナルス,ブリュワーズ,4,1
968,ブレーブス,エンゼルス,3,9
969,ブレーブス,エンゼルス,1,2
970,カージナルス,ブリュワーズ,6,4
971,ツインズ,エンゼルス,4,2
972,ツインズ,エンゼルス,2,7
973,レッズ,ブリュワーズ,7,11
974,レイズ,アスレチックス,3,2
975,ツインズ,エンゼルス,3,2
976,レイズ,アスレチックス,4,3
977,ヤンキース,エンゼルス,5,3
978,レイズ,アスレチックス,2,7
979,ロイヤルズ,エンゼルス,7,2
980,ツインズ,アスレチックス,6,3
981,ブレーブス,ブリュワーズ,10,8
982,ロイヤルズ,エンゼルス,3,1
983,ツインズ,アスレチックス,4,5
984,ブレーブス,ブリュワーズ,11,3
985,ツインズ,アスレチックス,5,6
986,ブレーブス,ブリュワーズ,3,4
987,ジャイアンツ,アスレチックス,5,8
988,ジャイアンツ,アスレチックス,10,4
989,Rソックス,ブリュワーズ,7,11
990,マリナーズ,アスレチックス,7,6
991,マリナーズ,アスレチックス,6,3
992,ドジャース,エンゼルス,2,2
993,オリオールズ,アスレチックス,7,2
994,オリオールズ,アスレチックス,4,5
995,Rソックス,ブリュワーズ,4,1
996,オリオールズ,アスレチックス,12,5
997,オリオールズ,アスレチックス,3,9
998,メッツ,ブリュワーズ,4,7
999,ロイヤルズ,アスレチックス,6,2
1000,ロイヤルズ,アスレチックス,8,10
1001,メッツ,ブリュワーズ,4,11
1002,ロイヤルズ,アスレチックス,7,6
1003,レンジャーズ,アスレチックス,1,3
1004,メッツ,ブリュワーズ,9,11
1005,マリナーズ,エンゼルス,5,3
1006,レンジャーズ,アスレチックス,3,8
1007,レンジャーズ,アスレチックス,3,8
1008,ブルージェイズ,ブリュワーズ,4,3
1009,ブルージェイズ,ブリュワーズ,8,4
1010,エンゼルス,アスレチックス,8,7
1011,ナショナルズ,エンゼルス,4,3
1012,Dバックス,ブリュワーズ,4,0
1013,エンゼルス,アスレチックス,1,3
1014,ナショナルズ,エンゼルス,0,7
1015,アストロズ,アスレチックス,8,9
1016,Rソックス,エンゼルス,6,2
1017,アストロズ,アスレチックス,1,11
1018,Dバックス,ブリュワーズ,1,6
1019,Rソックス,エンゼルス,2,3
1020,アストロズ,アスレチックス,2,10
1021,フィリーズ,エンゼルス,1,7
1022,Dバックス,ブリュワーズ,5,9
1023,フィリーズ,エンゼルス,0,7
1024,レンジャーズ,アスレチックス,0,1
1025,フィリーズ,エンゼルス,4,5
1026,レンジャーズ,アスレチックス,1,8
1027,アスレチックス,エンゼルス,6,8
1028,マリナーズ,アスレチックス,7,1
1029,ブレーブス,メッツ,0,6
1030,アスレチックス,エンゼルス,5,0
1031,マリナーズ,アスレチックス,6,3
1032,アスレチックス,エンゼルス,11,10
1033,マリナーズ,アスレチックス,5,6
1034,ドジャース,ブリュワーズ,10,8
1035,オリオールズ,エンゼルス,6,2
1036,オリオールズ,エンゼルス,2,3
1037,オリオールズ,エンゼルス,1,5
1038,ドジャース,ブリュワーズ,0,3
1039,ジャイアンツ,ブリュワーズ,7,2
1040,レンジャーズ,エンゼルス,1,10
1041,レンジャーズ,エンゼルス,7,5
1042,ジャイアンツ,ブリュワーズ,2,5
1043,レンジャーズ,エンゼルス,3,0
1044,ジャイアンツ,ブリュワーズ,3,6
1045,アストロズ,エンゼルス,2,1
1046,アストロズ,エンゼルス,6,7
1047,ジャイアンツ,ブリュワーズ,9,5
1048,アストロズ,エンゼルス,7,5
1049,アスレチックス,エンゼルス,1,3
1050,パドレス,ブリュワーズ,5,6
1051,アスレチックス,エンゼルス,2,8
1052,アスレチックス,エンゼルス,8,10
1053,パイレーツ,ブリュワーズ,7,3
1054,パイレーツ,ブリュワーズ,3,4
1055,パイレーツ,ブリュワーズ,2,4
1056,マーリンズ,ブリュワーズ,10,3
1057,オリオールズ,ブリュワーズ,1,8
1058,オリオールズ,ブリュワーズ,2,6
1059,ブレーブス,メッツ,3,1
1060,ブレーブス,メッツ,2,6
1061,カブス,ブリュワーズ,1,2
1062,カブス,ブリュワーズ,4,2
1063,マーリンズ,メッツ,7,2
1064,カージナルス,ブリュワーズ,2,3
1065,アストロズ,エンゼルス,1,0
1066,カージナルス,ブリュワーズ,5,4
1067,アストロズ,エンゼルス,1,9
1068,マーリンズ,メッツ,8,1
1069,アストロズ,エンゼルス,5,2
1070,カージナルス,ブリュワーズ,1,2
1071,レンジャーズ,エンゼルス,6,7
1072,レンジャーズ,エンゼルス,0,2
1073,ツインズ,ブリュワーズ,4,0
1074,マーリンズ,メッツ,2,5
1075,レンジャーズ,エンゼルス,4,2
1076,インディアンス,エンゼルス,6,3
1077,ツインズ,ブリュワーズ,7,2
1078,インディアンス,エンゼルス,6,5
1079,レッズ,ブリュワーズ,11,10
1080,フィリーズ,メッツ,6,2
1081,レッズ,ブリュワーズ,5,5
1082,レッズ,ブリュワーズ,4,7
1083,フィリーズ,メッツ,6,4
1084,パイレーツ,ブリュワーズ,1,3
1085,パイレーツ,ブリュワーズ,6,7
1086,ナショナルズ,メッツ,4,3
1087,カージナルス,ブリュワーズ,10,2
1088,ナショナルズ,メッツ,3,1
1089,カージナルス,ブリュワーズ,5,6
1090,マリナーズ,エンゼルス,5,6
1091,マリナーズ,エンゼルス,6,4
1092,ナショナルズ,ブリュワーズ,3,6
1093,マリナーズ,エンゼルス,2,6
1094,ナショナルズ,メッツ,6,3
1095,ナショナルズ,ブリュワーズ,0,1
1096,ナショナルズ,ブリュワーズ,3,2
1097,パイレーツ,ブリュワーズ,7,0
1098,パイレーツ,ブリュワーズ,2,5
1099,パイレーツ,ブリュワーズ,2,8
1100,ブレーブス,メッツ,7,5
1101,カブス,ブリュワーズ,3,4
1102,アストロズ,マリナーズ,0,6
1103,カブス,ブリュワーズ,5,0
1104,レッズ,ブリュワーズ,6,7
1105,レッズ,ブリュワーズ,6,0
1106,マーリンズ,メッツ,7,8
1107,インディアンス,レンジャーズ,8,5
1108,レッズ,ブリュワーズ,3,4
1109,インディアンス,レンジャーズ,4,3
1110,インディアンス,レンジャーズ,9,6
1111,マーリンズ,メッツ,3,11
1112,アスレチックス,レンジャーズ,5,10
1113,アスレチックス,レンジャーズ,6,1
1114,アスレチックス,レンジャーズ,1,8
1115,マーリンズ,メッツ,7,0
1116,アストロズ,マリナーズ,7,5
1117,ロイヤルズ,レンジャーズ,0,1
1118,アストロズ,マリナーズ,10,5
1119,ロイヤルズ,レンジャーズ,2,6
1120,ジャイアンツ,メッツ,3,4
1121,フィリーズ,レッズ,4,3
1122,ロイヤルズ,レンジャーズ,1,2
1123,ロイヤルズ,レンジャーズ,2,5
1124,ジャイアンツ,メッツ,1,6
1125,フィリーズ,レッズ,0,2
1126,レンジャーズ,マリナーズ,1,2
1127,ツインズ,レンジャーズ,3,2
1128,レンジャーズ,マリナーズ,0,5
1129,フィリーズ,レッズ,4,7
1130,レンジャーズ,マリナーズ,7,8
1131,ブリュワーズ,レッズ,5,1
1132,マーリンズ,マリナーズ,1,6
1133,ブリュワーズ,レッズ,10,4
1134,エンゼルス,レンジャーズ,6,3
1135,マーリンズ,マリナーズ,5,0
1136,エンゼルス,メッツ,0,3
1137,エンゼルス,レンジャーズ,3,6
1138,マーリンズ,マリナーズ,5,10
1139,ブリュワーズ,レッズ,5,7
1140,エンゼルス,レンジャーズ,5,2
1141,エンゼルス,メッツ,5,7
1142,ブリュワーズ,レッズ,4,2
1143,エンゼルス,メッツ,12,5
1144,オリオールズ,レッズ,3,9
1145,パドレス,レンジャーズ,2,5
1146,アスレチックス,レンジャーズ,2,5
1147,オリオールズ,レッズ,2,0
1148,パドレス,メッツ,3,9
1149,アスレチックス,レンジャーズ,5,6
1150,オリオールズ,レッズ,2,1
1151,アスレチックス,レンジャーズ,4,6
1152,パドレス,メッツ,6,5
1153,フィリーズ,レンジャーズ,1,5
1154,カブス,レッズ,6,5
1155,フィリーズ,レンジャーズ,3,9
1156,エンゼルス,マリナーズ,6,4
1157,フィリーズ,レンジャーズ,4,8
1158,パドレス,メッツ,4,3
1159,カブス,レッズ,12,8
1160,レイズ,レンジャーズ,10,8
1161,カブス,レッズ,5,7
1162,レイズ,レンジャーズ,5,9
1163,レイズ,レンジャーズ,7,5
1164,エンゼルス,マリナーズ,7,8
1165,パイレーツ,レッズ,3,4
1166,アストロズ,レンジャーズ,6,5
1167,エンゼルス,マリナーズ,3,11
1168,アストロズ,レンジャーズ,7,2
1169,パイレーツ,レッズ,12,3
1170,レンジャーズ,マリナーズ,3,1
1171,メッツ,レンジャーズ,8,10
1172,パイレーツ,レッズ,2,7
1173,レンジャーズ,マリナーズ,2,8
1174,メッツ,レンジャーズ,4,3
1175,レンジャーズ,マリナーズ,3,4
1176,パイレーツ,レッズ,2,4
1177,マリナーズ,レンジャーズ,4,10
1178,ジャイアンツ,レッズ,3,13
1179,ブルージェイズ,レンジャーズ,7,6
1180,アスレチックス,マリナーズ,5,6
1181,ジャイアンツ,レッズ,2,14
1182,ブルージェイズ,レンジャーズ,1,6
1183,アスレチックス,マリナーズ,9,6
1184,ブルージェイズ,レンジャーズ,7,5
1185,ジャイアンツ,レッズ,0,4
1186,アスレチックス,マリナーズ,0,4
1187,ブルージェイズ,レンジャーズ,4,11
1188,Wソックス,マリナーズ,4,5
1189,ヤンキース,レッズ,10,4
1190,Wソックス,マリナーズ,2,1
1191,Wソックス,マリナーズ,16,1
1192,ヤンキース,レッズ,3,5
1193,ロッキーズ,レッズ,12,6
1194,ロッキーズ,マリナーズ,0,5
1195,ロッキーズ,レッズ,8,12
1196,ロッキーズ,マリナーズ,6,3
1197,レイズ,マリナーズ,2,9
1198,インディアンス,レッズ,1,5
1199,レイズ,マリナーズ,1,7
1200,インディアンス,レッズ,8,7
1201,ツインズ,マリナーズ,3,12
1202,ツインズ,マリナーズ,5,6
1203,Rソックス,レンジャーズ,7,5
1204,ツインズ,マリナーズ,2,1
1205,Rソックス,レンジャーズ,11,4
1206,ブルージェイズ,マリナーズ,2,4
1207,ブレーブス,レッズ,6,5
1208,ブルージェイズ,マリナーズ,4,2
1209,エンゼルス,レンジャーズ,0,10
1210,ブルージェイズ,マリナーズ,4,0
1211,ブレーブス,レッズ,13,8
1212,エンゼルス,レンジャーズ,2,5
1213,カージナルス,レッズ,2,4
1214,タイガース,マリナーズ,4,5
1215,エンゼルス,レンジャーズ,3,0
1216,タイガース,マリナーズ,5,7
1217,カージナルス,レッズ,1,13
1218,タイガース,マリナーズ,6,9
1219,カージナルス,レッズ,4,6
1220,アストロズ,マリナーズ,3,13
1221,カージナルス,レッズ,2,5
1222,ドジャース,レッズ,3,1
1223,アストロズ,マリナーズ,5,2
1224,アストロズ,マリナーズ,8,2
1225,フィリーズ,マリナーズ,8,2
1226,マーリンズ,レンジャーズ,4,0
1227,フィリーズ,マリナーズ,5,4
1228,マーリンズ,レンジャーズ,4,10
1229,ブリュワーズ,レッズ,6,8
1230,マーリンズ,レンジャーズ,22,10
1231,オリオールズ,レンジャーズ,2,8
1232,ブリュワーズ,レッズ,3,4
1233,オリオールズ,レンジャーズ,4,0
1234,オリオールズ,レンジャーズ,10,6
1235,マリナーズ,レンジャーズ,6,4
1236,ロイヤルズ,マリナーズ,3,1
1237,ロイヤルズ,マリナーズ,7,3
1238,カブス,レッズ,6,2
1239,マリナーズ,レンジャーズ,8,7
1240,アスレチックス,マリナーズ,7,4
1241,マリナーズ,レンジャーズ,1,5
1242,アスレチックス,マリナーズ,2,7
1243,アストロズ,レンジャーズ,4,6
1244,アスレチックス,マリナーズ,4,3
1245,アスレチックス,マリナーズ,0,4
1246,アストロズ,レンジャーズ,3,8
1247,ナショナルズ,レッズ,6,1
1248,アストロズ,レンジャーズ,2,1
1249,Dバックス,レッズ,11,2
1250,タイガース,レンジャーズ,2,6
1251,タイガース,レンジャーズ,4,10
1252,Dバックス,レッズ,3,4
1253,タイガース,レンジャーズ,6,12
1254,ヤンキース,マリナーズ,4,1
1255,Wソックス,レンジャーズ,8,9
1256,Dバックス,レッズ,12,2
1257,ヤンキース,マリナーズ,5,1
1258,Wソックス,レンジャーズ,4,3
1259,Wソックス,レンジャーズ,7,17
1260,ブリュワーズ,メッツ,2,4
1261,マーリンズ,レッズ,3,1
1262,ヤンキース,マリナーズ,6,4
1263,Rソックス,マリナーズ,0,4
1264,ブリュワーズ,メッツ,4,5
1265,Rソックス,マリナーズ,5,6
1266,Rソックス,マリナーズ,4,0
1267,エンゼルス,レンジャーズ,9,10
1268,ブリュワーズ,メッツ,7,1
1269,エンゼルス,レンジャーズ,7,4
1270,メッツ,マリナーズ,7,5
1271,カージナルス,レッズ,2,3
1272,メッツ,マリナーズ,2,3
1273,ヤンキース,レンジャーズ,5,11
1274,ヤンキース,レンジャーズ,3,1
1275,メッツ,マリナーズ,1,9
1276,カージナルス,レッズ,4,1
1277,ブリュワーズ,メッツ,2,1
1278,ヤンキース,レンジャーズ,16,7
1279,カージナルス,レッズ,13,4
1280,パドレス,レッズ,3,11
1281,エンゼルス,マリナーズ,6,3
1282,パドレス,レッズ,7,3
1283,マリナーズ,レンジャーズ,3,5
1284,エンゼルス,マリナーズ,6,5
1285,エンゼルス,マリナーズ,6,3
1286,マリナーズ,レンジャーズ,10,3
1287,エンゼルス,マリナーズ,4,2
1288,マリナーズ,レンジャーズ,8,1
1289,パイレーツ,メッツ,11,1
1290,オリオールズ,マリナーズ,11,3
1291,マリナーズ,レンジャーズ,10,4
1292,パドレス,レッズ,3,10
1293,オリオールズ,マリナーズ,1,3
1294,アストロズ,レンジャーズ,11,2
1295,カブス,メッツ,1,6
1296,オリオールズ,マリナーズ,6,7
1297,アストロズ,レンジャーズ,14,3
1298,アストロズ,レンジャーズ,12,2
1299,アスレチックス,マリナーズ,2,3
1300,アスレチックス,レンジャーズ,4,1
1301,カブス,レッズ,9,3
1302,アスレチックス,マリナーズ,6,6
1303,アスレチックス,レンジャーズ,3,5
1304,カブス,レッズ,2,4
1305,アスレチックス,レンジャーズ,4,8
1306,ナショナルズ,メッツ,8,3
1307,アストロズ,マリナーズ,3,1
1308,パイレーツ,レッズ,5,9
1309,アスレチックス,レンジャーズ,5,2
1310,アストロズ,マリナーズ,5,3
1311,ナショナルズ,メッツ,7,2
1312,パイレーツ,レッズ,1,0
1313,エンゼルス,マリナーズ,3,4
1314,パイレーツ,レッズ,5,2
1315,エンゼルス,マリナーズ,5,3
1316,メッツ,レッズ,4,14
1317,レンジャーズ,マリナーズ,8,6
1318,メッツ,レッズ,2,0
1319,メッツ,レッズ,2,7
1320,インディアンス,マリナーズ,11,4
1321,インディアンス,マリナーズ,4,2
1322,ブリュワーズ,レッズ,3,9
1323,フィリーズ,メッツ,7,1
1324,ブリュワーズ,レッズ,1,7
1325,パイレーツ,レッズ,2,4
1326,パイレーツ,レッズ,1,2
1327,パイレーツ,レッズ,2,5
1328,カージナルス,レッズ,9,2
1329,マリナーズ,アストロズ,0,3
1330,Rソックス,レッズ,5,4
1331,マリナーズ,アストロズ,1,2
1332,Rソックス,レッズ,5,0
1333,マリナーズ,アストロズ,3,5
1334,Rソックス,レッズ,5,4
1335,マリナーズ,アストロズ,4,2
1336,ロイヤルズ,アストロズ,5,1
1337,カージナルス,メッツ,6,3
1338,カージナルス,メッツ,5,0
1339,ロイヤルズ,アストロズ,7,3
1340,カージナルス,メッツ,3,7
1341,ロイヤルズ,アストロズ,4,5
1342,エンゼルス,アストロズ,0,3
1343,エンゼルス,アストロズ,5,2
1344,カージナルス,メッツ,2,3
1345,エンゼルス,アストロズ,1,5
1346,アスレチックス,メッツ,5,7
1347,エンゼルス,アストロズ,1,2
1348,アスレチックス,アストロズ,4,9
1349,アスレチックス,アストロズ,2,1
1350,アスレチックス,アストロズ,2,7
1351,アスレチックス,メッツ,3,2
1352,レンジャーズ,アストロズ,2,6
1353,レンジャーズ,アストロズ,7,8
1354,レンジャーズ,アストロズ,1,10
1355,レンジャーズ,アストロズ,10,4
1356,ブレーブス,アストロズ,3,8
1357,ブレーブス,アストロズ,2,4
1358,インディアンス,アストロズ,5,3
1359,インディアンス,アストロズ,3,0
1360,タイガース,アストロズ,0,1
1361,タイガース,アストロズ,2,6
1362,タイガース,アストロズ,6,3
1363,タイガース,アストロズ,6,7
1364,オリオールズ,アストロズ,2,5
1365,オリオールズ,アストロズ,4,8
1366,エンゼルス,アストロズ,9,4
1367,エンゼルス,アストロズ,1,3
1368,エンゼルス,アストロズ,12,6
1369,レンジャーズ,アストロズ,6,1
1370,Rソックス,アストロズ,2,1
1371,アスレチックス,アストロズ,6,4
1372,アスレチックス,アストロズ,8,11
1373,ドジャース,メッツ,6,0
1374,ドジャース,メッツ,7,4
1375,ヤンキース,アストロズ,6,7
1376,ドジャース,メッツ,8,0
1377,ヤンキース,アストロズ,1,8
1378,レンジャーズ,メッツ,4,5
1379,レンジャーズ,メッツ,5,1
1380,ヤンキース,メッツ,5,3
1381,ヤンキース,メッツ,7,5
1382,マーリンズ,メッツ,3,1
1383,マーリンズ,メッツ,1,8
1384,Dバックス,メッツ,2,4
1385,Dバックス,メッツ,3,2
1386,フィリーズ,メッツ,3,6
1387,ナショナルズ,フィリーズ,7,6
1388,レッズ,メッツ,2,7
1389,ナショナルズ,フィリーズ,3,17
1390,レッズ,メッツ,1,5
1391,ナショナルズ,フィリーズ,3,4
1392,レッズ,メッツ,10,5
1393,メッツ,フィリーズ,4,3
1394,メッツ,フィリーズ,14,4
1395,ナショナルズ,メッツ,4,3
1396,メッツ,フィリーズ,5,4
1397,ナショナルズ,メッツ,3,2
1398,ブレーブス,フィリーズ,3,4
1399,ブレーブス,メッツ,9,2
1400,ブレーブス,フィリーズ,3,4
1401,ブレーブス,メッツ,3,4
1402,ブレーブス,フィリーズ,2,5
1403,ブレーブス,メッツ,1,7
1404,マーリンズ,フィリーズ,2,3
1405,ナショナルズ,フィリーズ,4,2
1406,ナショナルズ,フィリーズ,6,2
1407,ナショナルズ,フィリーズ,5,6
1408,マリナーズ,フィリーズ,10,9
1409,マリナーズ,フィリーズ,11,6
1410,ロッキーズ,フィリーズ,8,1
1411,ロッキーズ,フィリーズ,8,2
1412,ロッキーズ,フィリーズ,7,2
1413,ロッキーズ,フィリーズ,1,2
1414,レッズ,フィリーズ,3,4
1415,レッズ,フィリーズ,8,4
1416,ジャイアンツ,フィリーズ,3,5
1417,ジャイアンツ,フィリーズ,7,9
1418,Rソックス,フィリーズ,7,3
1419,Rソックス,フィリーズ,0,1
1420,Dバックス,フィリーズ,5,4
1421,カージナルス,フィリーズ,8,1
1422,カージナルス,フィリーズ,7,6
1423,カージナルス,フィリーズ,1,5
1424,パイレーツ,フィリーズ,0,4
1425,パイレーツ,フィリーズ,3,0
1426,パイレーツ,フィリーズ,6,3
1427,パドレス,フィリーズ,4,3
1428,パドレス,フィリーズ,2,1
1429,パドレス,フィリーズ,1,7
1430,ジャイアンツ,Dバックス,5,6
1431,ブリュワーズ,フィリーズ,1,6
1432,ジャイアンツ,Dバックス,8,4
1433,ジャイアンツ,Dバックス,6,8
1434,アストロズ,フィリーズ,13,4
1435,アストロズ,フィリーズ,5,0
1436,ジャイアンツ,Dバックス,3,9
1437,アストロズ,フィリーズ,0,9
1438,ブレーブス,フィリーズ,3,10
1439,ブレーブス,フィリーズ,3,4
1440,ブレーブス,フィリーズ,1,2
1441,ブレーブス,フィリーズ,6,7
1442,インディアンス,Dバックス,3,7
1443,インディアンス,Dバックス,2,11
1444,インディアンス,Dバックス,2,3
1445,ドジャース,Dバックス,5,13
1446,ドジャース,Dバックス,5,11
1447,ドジャース,Dバックス,6,2
1448,パドレス,Dバックス,6,7
1449,メッツ,フィリーズ,10,0
1450,パドレス,Dバックス,2,6
1451,マリナーズ,アストロズ,9,7
1452,メッツ,フィリーズ,7,6
1453,マリナーズ,アストロズ,2,6
1454,ロッキーズ,Dバックス,3,1
1455,メッツ,フィリーズ,1,3
1456,マリナーズ,アストロズ,4,1
1457,ロッキーズ,Dバックス,7,6
1458,レイズ,アストロズ,7,14
1459,メッツ,フィリーズ,6,2
1460,ロッキーズ,Dバックス,0,2
1461,レイズ,アストロズ,6,4
1462,タイガース,Dバックス,7,3
1463,レイズ,アストロズ,3,0
1464,レイズ,アストロズ,5,3
1465,ブルージェイズ,アストロズ,7,16
1466,パイレーツ,Dバックス,1,2
1467,ブルージェイズ,アストロズ,4,3
1468,ブルージェイズ,アストロズ,6,7
1469,パイレーツ,Dバックス,4,11
1470,Dバックス,アストロズ,5,9
1471,パイレーツ,Dバックス,4,3
1472,Dバックス,アストロズ,4,0
1473,アスレチックス,アストロズ,1,3
1474,パイレーツ,Dバックス,6,4
1475,アスレチックス,アストロズ,0,3
1476,マーリンズ,フィリーズ,0,8
1477,ナショナルズ,アストロズ,4,3
1478,メッツ,Dバックス,3,7
1479,ナショナルズ,アストロズ,1,6
1480,メッツ,Dバックス,4,5
1481,ナショナルズ,アストロズ,5,4
1482,レンジャーズ,アストロズ,12,2
1483,メッツ,Dバックス,4,5
1484,マーリンズ,フィリーズ,9,8
1485,レンジャーズ,アストロズ,8,1
1486,レンジャーズ,アストロズ,1,5
1487,Wソックス,Dバックス,1,5
1488,メッツ,アストロズ,1,4
1489,Wソックス,Dバックス,4,5
1490,カブス,フィリーズ,1,7
1491,Wソックス,Dバックス,6,8
1492,マリナーズ,アストロズ,2,5
1493,マリナーズ,アストロズ,6,8
1494,マリナーズ,アストロズ,1,7
1495,カブス,フィリーズ,17,2
1496,Wソックス,アストロズ,1,3
1497,パドレス,Dバックス,4,7
1498,Wソックス,アストロズ,3,4
1499,カブス,フィリーズ,3,6
1500,パドレス,Dバックス,3,15
1501,エンゼルス,アストロズ,2,6
1502,ブリュワーズ,Dバックス,8,6
1503,エンゼルス,アストロズ,7,5
1504,ブリュワーズ,Dバックス,2,3
1505,ブレーブス,フィリーズ,1,6
1506,ブリュワーズ,Dバックス,1,11
1507,フィリーズ,Dバックス,6,1
1508,フィリーズ,Dバックス,2,9
1509,ブレーブス,フィリーズ,9,1
1510,フィリーズ,Dバックス,1,2
1511,フィリーズ,Dバックス,1,6
1512,カージナルス,Dバックス,5,6
1513,マーリンズ,フィリーズ,8,9
1514,カージナルス,Dバックス,4,3
1515,マーリンズ,フィリーズ,1,8
1516,マーリンズ,フィリーズ,0,10
1517,アスレチックス,フィリーズ,4,0
1518,アスレチックス,フィリーズ,3,5
1519,ロッキーズ,Dバックス,3,4
1520,アスレチックス,フィリーズ,6,3
1521,パドレス,ドジャース,3,14
1522,レッズ,Dバックス,3,6
1523,パドレス,ドジャース,4,0
1524,レッズ,Dバックス,7,0
1525,パドレス,ドジャース,1,3
1526,ドジャース,フィリーズ,3,4
1527,レッズ,Dバックス,2,1
1528,パドレス,ドジャース,2,10
1529,Dバックス,ドジャース,1,7
1530,ナショナルズ,Dバックス,5,6
1531,Dバックス,ドジャース,4,8
1532,ドジャース,フィリーズ,5,7
1533,ブレーブス,Dバックス,2,10
1534,Dバックス,ドジャース,3,1
1535,Dバックス,ドジャース,4,2
1536,ブレーブス,Dバックス,8,3
1537,ブレーブス,Dバックス,3,10
1538,ナショナルズ,フィリーズ,3,1
1539,ナショナルズ,フィリーズ,1,4
1540,ナショナルズ,フィリーズ,5,7
1541,メッツ,フィリーズ,2,6
1542,ロッキーズ,ドジャース,4,3
1543,メッツ,フィリーズ,7,4
1544,フィリーズ,ドジャース,3,5
1545,フィリーズ,ドジャース,5,6
1546,メッツ,フィリーズ,0,11
1547,フィリーズ,ドジャース,3,5
1548,ドジャース,Dバックス,3,6
1549,ドジャース,Dバックス,8,6
1550,カブス,Dバックス,8,3
1551,カブス,Dバックス,2,6
1552,カブス,Dバックス,7,2
1553,ジャイアンツ,ドジャース,4,3
1554,ジャイアンツ,ドジャース,5,13
1555,アストロズ,Dバックス,0,2
1556,アストロズ,Dバックス,9,4
1557,ジャイアンツ,Dバックス,3,4
1558,ジャイアンツ,ドジャース,4,1
1559,パイレーツ,ドジャース,1,12
1560,ジャイアンツ,Dバックス,1,2
1561,パイレーツ,ドジャース,3,4
1562,ジャイアンツ,Dバックス,0,11
1563,マーリンズ,ドジャース,2,7
1564,ドジャース,Dバックス,6,7
1565,マーリンズ,ドジャース,2,7
1566,ブレーブス,マーリンズ,4,8
1567,ドジャース,Dバックス,4,6
1568,マーリンズ,ドジャース,10,6
1569,ブレーブス,マーリンズ,5,4
1570,カージナルス,ドジャース,1,2
1571,ドジャース,Dバックス,1,8
1572,カージナルス,ドジャース,6,1
1573,カージナルス,ドジャース,3,7
1574,メッツ,マーリンズ,9,8
1575,パドレス,Dバックス,10,6
1576,メッツ,マーリンズ,2,3
1577,カブス,ドジャース,0,5
1578,メッツ,マーリンズ,4,5
1579,カブス,ドジャース,4,9
1580,パドレス,Dバックス,2,3
1581,メッツ,マーリンズ,2,4
1582,ナショナルズ,ドジャース,4,2
1583,ロッキーズ,Dバックス,5,4
1584,パイレーツ,マーリンズ,12,2
1585,ロッキーズ,Dバックス,4,2
1586,ナショナルズ,ドジャース,1,2
1587,パイレーツ,マーリンズ,4,0
1588,レッズ,ドジャース,2,7
1589,ロッキーズ,Dバックス,2,8
1590,パイレーツ,マーリンズ,3,10
1591,レッズ,ドジャース,4,5
1592,ロッキーズ,Dバックス,0,7
1593,レッズ,ドジャース,7,9
1594,レイズ,マーリンズ,4,2
1595,マーリンズ,Dバックス,12,6
1596,マーリンズ,Dバックス,2,3
1597,レイズ,マーリンズ,3,1
1598,メッツ,ドジャース,0,12
1599,メッツ,ドジャース,2,8
1600,ジャイアンツ,Dバックス,9,2
1601,メッツ,ドジャース,3,6
1602,ジャイアンツ,Dバックス,4,11
1603,ロッキーズ,ドジャース,1,6
1604,カージナルス,マーリンズ,9,4
1605,ロッキーズ,ドジャース,0,4
1606,ジャイアンツ,Dバックス,3,4
1607,カージナルス,マーリンズ,6,5
1608,ロッキーズ,ドジャース,6,12
1609,エンゼルス,ドジャース,4,0
1610,エンゼルス,ドジャース,0,4
1611,Dバックス,ドジャース,3,4
1612,Dバックス,ドジャース,4,5
1613,ロイヤルズ,ドジャース,1,4
1614,ドジャース,ロッキーズ,1,2
1615,ロイヤルズ,ドジャース,4,5
1616,ブレーブス,マーリンズ,8,4
1617,ドジャース,ロッキーズ,2,4
1618,ロイヤルズ,ドジャース,2,5
1619,ブレーブス,マーリンズ,3,1
1620,ブレーブス,ドジャース,6,3
1621,ドジャース,ロッキーズ,10,6
1622,ブレーブス,ドジャース,12,3
1623,パドレス,ロッキーズ,5,3
1624,パドレス,ロッキーズ,2,3
1625,ブレーブス,マーリンズ,1,3
1626,ツインズ,ドジャース,4,6
1627,パドレス,ロッキーズ,6,0
1628,ツインズ,ドジャース,2,6
1629,アストロズ,マーリンズ,7,2
1630,ツインズ,ドジャース,5,6
1631,ジャイアンツ,ロッキーズ,5,6
1632,アストロズ,マーリンズ,12,2
1633,ジャイアンツ,ドジャース,4,6
1634,ジャイアンツ,ロッキーズ,3,12
1635,ジャイアンツ,ドジャース,1,2
1636,ジャイアンツ,ドジャース,2,3
1637,ジャイアンツ,ロッキーズ,0,8
1638,アストロズ,マーリンズ,3,0
1639,ナショナルズ,ロッキーズ,4,8
1640,パドレス,ドジャース,4,3
1641,パドレス,ドジャース,3,6
1642,エンゼルス,マーリンズ,5,8
1643,パドレス,ドジャース,4,6
1644,エンゼルス,マーリンズ,5,2
1645,Wソックス,ドジャース,1,6
1646,ナショナルズ,ロッキーズ,16,5
1647,エンゼルス,マーリンズ,2,9
1648,Wソックス,ドジャース,4,5
1649,フィリーズ,マーリンズ,1,4
1650,ブリュワーズ,ドジャース,1,3
1651,Dバックス,ロッキーズ,6,3
1652,ブリュワーズ,ドジャース,3,0
1653,フィリーズ,マーリンズ,2,7
1654,ブリュワーズ,ドジャース,3,2
1655,フィリーズ,マーリンズ,2,10
1656,Dバックス,マーリンズ,3,2
1657,Dバックス,ロッキーズ,1,9
1658,Dバックス,ドジャース,3,1
1659,Dバックス,マーリンズ,0,3
1660,ロッキーズ,ドジャース,9,1
1661,ロッキーズ,ドジャース,5,4
1662,Dバックス,マーリンズ,5,6
1663,Dバックス,ロッキーズ,2,5
1664,ロッキーズ,ドジャース,8,1
1665,アスレチックス,マーリンズ,6,11
1666,カブス,ロッキーズ,8,1
1667,ジャイアンツ,ドジャース,2,1
1668,ジャイアンツ,ドジャース,1,3
1669,パドレス,ドジャース,3,9
1670,パドレス,ドジャース,2,9
1671,ナショナルズ,マーリンズ,12,3
1672,ドジャース,ロッキーズ,7,10
1673,パドレス,ドジャース,0,10
1674,ドジャース,ロッキーズ,6,2
1675,ドジャース,ロッキーズ,4,0
1676,ナショナルズ,マーリンズ,1,2
1677,ドジャース,ロッキーズ,6,9
1678,カブス,マーリンズ,11,1
1679,カージナルス,ロッキーズ,3,0
1680,カージナルス,ロッキーズ,4,8
1681,カブス,マーリンズ,0,2
1682,マリナーズ,ロッキーズ,6,5
1683,マリナーズ,ロッキーズ,10,4
1684,カブス,マーリンズ,5,3
1685,カブス,マーリンズ,2,4
1686,インディアンス,ロッキーズ,3,11
1687,メッツ,マーリンズ,3,6
1688,インディアンス,ロッキーズ,1,8
1689,メッツ,マーリンズ,8,0
1690,ジャイアンツ,ロッキーズ,9,10
1691,ジャイアンツ,ロッキーズ,8,10
1692,Dバックス,ロッキーズ,3,4
1693,フィリーズ,マーリンズ,5,6
1694,フィリーズ,マーリンズ,5,2
1695,フィリーズ,マーリンズ,10,3
1696,Dバックス,ロッキーズ,16,5
1697,レッズ,マーリンズ,1,4
1698,Dバックス,ロッキーズ,10,3
1699,レッズ,マーリンズ,4,7
1700,レッズ,マーリンズ,6,4
1701,レッズ,ロッキーズ,3,5
1702,レッズ,ロッキーズ,8,1
1703,ナショナルズ,マーリンズ,1,0
1704,レッズ,ロッキーズ,6,3
1705,ナショナルズ,マーリンズ,6,7
1706,Wソックス,ロッキーズ,4,12
1707,ナショナルズ,マーリンズ,0,7
1708,Wソックス,ロッキーズ,5,4
1709,Wソックス,ロッキーズ,0,10
1710,ロッキーズ,マーリンズ,3,6
1711,パドレス,ロッキーズ,6,9
1712,ロッキーズ,マーリンズ,3,4
1713,パドレス,ロッキーズ,7,9
1714,ロッキーズ,マーリンズ,3,5
1715,パドレス,ロッキーズ,4,18
1716,ジャイアンツ,マーリンズ,3,8
1717,パイレーツ,ロッキーズ,13,5
1718,ジャイアンツ,マーリンズ,9,4
1719,ジャイアンツ,マーリンズ,1,8
1720,パドレス,マーリンズ,6,8
1721,メッツ,ロッキーズ,4,5
1722,パドレス,マーリンズ,1,2
1723,メッツ,ロッキーズ,10,5
1724,パドレス,マーリンズ,2,6
1725,フィリーズ,マーリンズ,3,2
1726,メッツ,ロッキーズ,4,5
1727,フィリーズ,ロッキーズ,3,4
1728,フィリーズ,マーリンズ,2,1
1729,フィリーズ,ロッキーズ,5,8
1730,フィリーズ,マーリンズ,9,10
1731,フィリーズ,ロッキーズ,3,2
1732,ブレーブス,ロッキーズ,0,3
1733,ブレーブス,ロッキーズ,4,3
1734,ブレーブス,ロッキーズ,2,17
1735,ナショナルズ,マーリンズ,8,1
1736,ブリュワーズ,マーリンズ,10,2
1737,ブレーブス,ロッキーズ,10,4
1738,ブリュワーズ,マーリンズ,4,7
1739,ブリュワーズ,ロッキーズ,4,8
1740,ブリュワーズ,マーリンズ,10,3
1741,ブリュワーズ,ロッキーズ,6,3
1742,メッツ,マーリンズ,1,13
1743,タイガース,ロッキーズ,4,3
1744,タイガース,ロッキーズ,3,7
1745,タイガース,ロッキーズ,6,2
1746,メッツ,マーリンズ,2,9
1747,ブレーブス,マーリンズ,1,7
1748,ブレーブス,マーリンズ,5,6
1749,Dバックス,ロッキーズ,9,5
1750,ブレーブス,マーリンズ,2,10
1751,Dバックス,ロッキーズ,6,2
1752,ブレーブス,マーリンズ,8,5
1753,ジャイアンツ,ロッキーズ,11,3
1754,パドレス,ロッキーズ,1,6
1755,パドレス,ロッキーズ,0,16
1756,ジャイアンツ,パドレス,6,7
1757,パドレス,ロッキーズ,4,3
1758,ジャイアンツ,パドレス,1,2
1759,ジャイアンツ,パドレス,5,3
1760,マーリンズ,ロッキーズ,5,4
1761,Dバックス,パドレス,11,2
1762,マーリンズ,ロッキーズ,0,6
1763,マーリンズ,ロッキーズ,9,15
1764,Dバックス,パドレス,1,4
1765,マーリンズ,パドレス,3,5
1766,ドジャース,ロッキーズ,1,9
1767,マーリンズ,パドレス,6,3
1768,ドジャース,ロッキーズ,5,3
1769,ドジャース,ロッキーズ,6,3
1770,ロッキーズ,パドレス,2,6
1771,ロッキーズ,パドレス,11,3
1772,ロッキーズ,パドレス,3,2
1773,ドジャース,パドレス,8,2
1774,ドジャース,パドレス,10,2
1775,レンジャーズ,パドレス,1,5
1776,レンジャーズ,パドレス,11,0
1777,ブリュワーズ,パドレス,5,6
1778,ブリュワーズ,パドレス,6,2
1779,ブリュワーズ,パドレス,3,1
1780,ブリュワーズ,パドレス,4,2
1781,Dバックス,パドレス,10,1
1782,Dバックス,パドレス,9,1
1783,カブス,パドレス,2,5
1784,カブス,パドレス,2,6
1785,カブス,パドレス,1,2
1786,パドレス,ブレーブス,2,5
1787,パドレス,ブレーブス,2,4
1788,パドレス,ブレーブス,2,9
1789,パドレス,ブレーブス,4,5
1790,ナショナルズ,ブレーブス,3,1
1791,ナショナルズ,ブレーブス,3,2
1792,メッツ,ブレーブス,7,5
1793,メッツ,ブレーブス,7,9
1794,メッツ,ブレーブス,16,5
1795,カージナルス,ブレーブス,10,0
1796,カージナルス,ブレーブス,5,3
1797,カージナルス,ブレーブス,6,4
1798,ブルージェイズ,ブレーブス,4,8
1799,ブルージェイズ,ブレーブス,9,0
1800,ナショナルズ,ブレーブス,4,7
1801,ナショナルズ,ブレーブス,2,5
1802,パイレーツ,ブレーブス,2,5
1803,パイレーツ,ブレーブス,5,6
1804,パイレーツ,ブレーブス,12,5
1805,パイレーツ,ブレーブス,9,4
1806,フィリーズ,ブレーブス,11,4
1807,フィリーズ,ブレーブス,3,1
1808,フィリーズ,ブレーブス,1,14
1809,フィリーズ,ブレーブス,1,3
1810,メッツ,ブレーブス,2,3
1811,メッツ,ブレーブス,8,1
1812,メッツ,ブレーブス,2,1
1813,マーリンズ,ブレーブス,5,0
1814,ジャイアンツ,ブレーブス,6,3
1815,ジャイアンツ,ブレーブス,3,5
1816,ジャイアンツ,ブレーブス,11,12
1817,ブリュワーズ,ブレーブス,4,5
1818,ブリュワーズ,ブレーブス,1,3
1819,ブリュワーズ,ブレーブス,7,0
1820,アストロズ,ブレーブス,16,4
1821,カブス,ブレーブス,4,3
1822,カブス,ブレーブス,5,1
1823,カブス,ブレーブス,8,2
1824,ドジャース,ブレーブス,3,2
1825,ドジャース,ブレーブス,3,5
1826,ドジャース,ブレーブス,7,4
1827,マーリンズ,ブレーブス,3,5
1828,マーリンズ,ブレーブス,2,7
1829,マーリンズ,ブレーブス,4,1
1830,フィリーズ,ブレーブス,5,2
1831,レッズ,ブレーブス,5,3
1832,レッズ,ブレーブス,11,8
1833,マリナーズ,ブレーブス,0,4
1834,マリナーズ,ブレーブス,9,6
1835,ロッキーズ,ブレーブス,2,5
1836,ロッキーズ,ブレーブス,7,6
1837,ロッキーズ,ブレーブス,3,0
1838,レンジャーズ,ブレーブス,4,5
1839,マーリンズ,ブレーブス,5,6
1840,マーリンズ,ブレーブス,7,1
1841,マーリンズ,ブレーブス,8,10
1842,メッツ,ブレーブス,2,3
1843,メッツ,ブレーブス,7,3
1844,メッツ,ブレーブス,5,1
1845,ナショナルズ,ブレーブス,7,3
1846,フィリーズ,ブレーブス,2,4
1847,フィリーズ,ブレーブス,2,0
1848,マーリンズ,ナショナルズ,2,4
1849,マーリンズ,ナショナルズ,4,6
1850,マーリンズ,ナショナルズ,4,3
1851,カージナルス,ナショナルズ,6,14
1852,カージナルス,ナショナルズ,3,8
1853,カージナルス,ナショナルズ,6,1
1854,フィリーズ,ナショナルズ,2,3
1855,フィリーズ,ナショナルズ,4,2
1856,フィリーズ,ナショナルズ,4,6
1857,メッツ,ナショナルズ,7,5
1858,メッツ,ナショナルズ,5,3
1859,メッツ,ナショナルズ,5,23
1860,Dバックス,ナショナルズ,6,3
1861,Dバックス,ナショナルズ,1,2
1862,Dバックス,ナショナルズ,2,4
1863,ロッキーズ,パドレス,3,1
1864,ロイヤルズ,パドレス,3,6
1865,ロイヤルズ,パドレス,12,6
1866,フィリーズ,ナショナルズ,4,6
1867,ロイヤルズ,パドレス,8,3
1868,フィリーズ,ナショナルズ,4,3
1869,レッズ,パドレス,3,9
1870,マリナーズ,ナショナルズ,1,10
1871,マリナーズ,ナショナルズ,1,5
1872,マリナーズ,ナショナルズ,4,2
1873,タイガース,パドレス,0,1
1874,タイガース,パドレス,3,7
1875,パドレス,ナショナルズ,0,3
1876,タイガース,パドレス,7,5
1877,ブレーブス,パドレス,3,0
1878,パドレス,ナショナルズ,5,3
1879,ブレーブス,パドレス,4,7
1880,レンジャーズ,ナショナルズ,5,2
1881,レンジャーズ,ナショナルズ,6,3
1882,ドジャース,パドレス,3,5
1883,レンジャーズ,ナショナルズ,5,1
1884,ブレーブス,ナショナルズ,11,10
1885,メッツ,パドレス,5,3
1886,レッズ,ナショナルズ,5,6
1887,メッツ,パドレス,6,5
1888,レッズ,ナショナルズ,3,18
1889,メッツ,パドレス,3,6
1890,メッツ,パドレス,5,7
1891,レッズ,ナショナルズ,6,2
1892,パイレーツ,パドレス,2,3
1893,カブス,ナショナルズ,1,6
1894,パイレーツ,パドレス,7,1
1895,カブス,ナショナルズ,4,8
1896,ツインズ,パドレス,0,3
1897,ツインズ,パドレス,5,2
1898,フィリーズ,パドレス,4,7
1899,フィリーズ,パドレス,4,8
1900,メッツ,ナショナルズ,2,3
1901,フィリーズ,パドレス,0,3
1902,メッツ,ナショナルズ,4,11
1903,ナショナルズ,パドレス,2,1
1904,ナショナルズ,パドレス,7,1
1905,ブレーブス,ナショナルズ,5,2
1906,ナショナルズ,パドレス,1,3
1907,ブレーブス,ナショナルズ,4,5
1908,ブレーブス,ナショナルズ,13,0
1909,ジャイアンツ,パドレス,3,0
1910,ジャイアンツ,パドレス,3,6
1911,ブレーブス,ナショナルズ,5,10
1912,ジャイアンツ,パドレス,0,5
1913,ドジャース,パドレス,1,0
1914,ドジャース,パドレス,2,7
1915,ブリュワーズ,ナショナルズ,8,0
1916,ブリュワーズ,ナショナルズ,5,8
1917,カージナルス,パドレス,3,1
1918,ブリュワーズ,ナショナルズ,2,15
1919,カージナルス,パドレス,0,3
1920,Dバックス,パドレス,2,4
1921,ロッキーズ,ナショナルズ,4,2
1922,Dバックス,パドレス,13,7
1923,ロッキーズ,ナショナルズ,10,6
1924,マーリンズ,ナショナルズ,2,3
1925,ロッキーズ,パドレス,0,5
1926,マーリンズ,ナショナルズ,7,3
1927,ロッキーズ,パドレス,8,4
1928,マーリンズ,ナショナルズ,2,3
1929,ジャイアンツ,ナショナルズ,1,3
1930,ジャイアンツ,ナショナルズ,4,2
1931,エンゼルス,ナショナルズ,1,3
1932,エンゼルス,ナショナルズ,3,2
1933,メッツ,ナショナルズ,4,2
1934,メッツ,ナショナルズ,4,9
1935,メッツ,ナショナルズ,6,5
1936,マーリンズ,ナショナルズ,2,11
1937,マーリンズ,ナショナルズ,3,8
1938,マーリンズ,ナショナルズ,0,4
1939,フィリーズ,ナショナルズ,3,4
1940,フィリーズ,ナショナルズ,10,11
1941,フィリーズ,ナショナルズ,2,3
1942,ブレーブス,ナショナルズ,8,0
1943,ブレーブス,ナショナルズ,8,2
1944,ブレーブス,ナショナルズ,2,5
1945,ドジャース,ナショナルズ,7,0
1946,ドジャース,ナショナルズ,3,2
1947,ドジャース,ナショナルズ,1,7
1948,パイレーツ,ナショナルズ,4,5
1949,パイレーツ,ナショナルズ,1,6
1950,パイレーツ,ナショナルズ,4,1
1951,パイレーツ,ナショナルズ,11,8
1952,Dバックス,ジャイアンツ,1,4
1953,Dバックス,ジャイアンツ,4,3
1954,Dバックス,ジャイアンツ,2,6
1955,ロッキーズ,ジャイアンツ,3,1
1956,ロッキーズ,ジャイアンツ,2,8
1957,ロッキーズ,ジャイアンツ,5,0
1958,ロッキーズ,ジャイアンツ,4,3
1959,ドジャース,ジャイアンツ,1,2
1960,ドジャース,ジャイアンツ,5,1
1961,パドレス,ジャイアンツ,3,4
1962,パドレス,ジャイアンツ,12,4
1963,パドレス,ジャイアンツ,5,2
1964,レッズ,ジャイアンツ,3,2
1965,レッズ,ジャイアンツ,2,3
1966,レッズ,ジャイアンツ,1,3
1967,レッズ,ジャイアンツ,3,8
1968,ドジャース,ジャイアンツ,4,8
1969,ドジャース,ジャイアンツ,1,2
1970,ドジャース,ジャイアンツ,6,1
1971,ブレーブス,ジャイアンツ,3,6
1972,ブレーブス,ジャイアンツ,1,7
1973,ナショナルズ,ジャイアンツ,3,0
1974,ナショナルズ,ジャイアンツ,6,3
1975,ナショナルズ,ジャイアンツ,3,1
1976,ツインズ,ジャイアンツ,4,0
1977,ツインズ,ジャイアンツ,3,2
1978,ツインズ,ジャイアンツ,8,13
1979,ロイヤルズ,ジャイアンツ,7,2
1980,メッツ,ジャイアンツ,11,4
1981,メッツ,ジャイアンツ,5,2
1982,メッツ,ジャイアンツ,8,2
1983,ロッキーズ,ジャイアンツ,3,4
1984,ロッキーズ,ジャイアンツ,3,5
1985,マーリンズ,ジャイアンツ,6,1
1986,マーリンズ,ジャイアンツ,5,4
1987,マーリンズ,ジャイアンツ,10,8
1988,インディアンス,ジャイアンツ,5,3
1989,インディアンス,ジャイアンツ,1,2
1990,インディアンス,ジャイアンツ,4,5
1991,パドレス,ジャイアンツ,5,2
1992,パドレス,ジャイアンツ,12,9
1993,パイレーツ,ジャイアンツ,10,3
1994,パイレーツ,ジャイアンツ,3,11
1995,パイレーツ,ジャイアンツ,1,2
1996,アスレチックス,ジャイアンツ,6,1
1997,アスレチックス,ジャイアンツ,2,11
1998,Dバックス,ジャイアンツ,2,1
1999,Dバックス,ジャイアンツ,4,5
2000,Dバックス,ジャイアンツ,3,6
2001,カブス,ジャイアンツ,5,3
2002,カブス,ジャイアンツ,3,6
2003,カブス,ジャイアンツ,1,3
2004,フィリーズ,ジャイアンツ,4,5
2005,フィリーズ,ジャイアンツ,2,10
2006,フィリーズ,ジャイアンツ,12,9
2007,ブリュワーズ,ジャイアンツ,2,4
2008,カージナルス,ジャイアンツ,5,2
2009,カージナルス,ジャイアンツ,11,6
2010,カージナルス,ジャイアンツ,1,2
2011,ドジャース,ジャイアンツ,6,8
2012,ドジャース,ジャイアンツ,5,3
2013,ドジャース,ジャイアンツ,4,1
2014,Dバックス,ジャイアンツ,3,2
2015,Dバックス,ジャイアンツ,2,0
2016,Dバックス,ジャイアンツ,2,7
2017,ロッキーズ,ジャイアンツ,0,4
2018,パドレス,ジャイアンツ,0,8
2019,パドレス,ジャイアンツ,3,2
2020,パドレス,ジャイアンツ,4,5
2021,マーリンズ,パドレス,7,3
2022,タイガース,Wソックス,6,3
2023,カブス,カージナルス,6,4
2024,パイレーツ,Rソックス,3,4
2025,ブレーブス,メッツ,2,3
2026,ブルージェイズ,カージナルス,4,6
2027,マーリンズ,フィリーズ,12,8
2028,レッズ,カージナルス,2,8
2029,ドジャース,パドレス,5,6
2030,カブス,ロッキーズ,4,10
2031,メッツ,ブレーブス,6,1
2032,オリオールズ,ナショナルズ,1,6
2033,フィリーズ,ナショナルズ,5,6
2034,アストロズ,ヤンキース,10,7
2035,インディアンス,タイガース,4,7
2036,ロッキーズ,ツインズ,0,2
2037,ブリュワーズ,カブス,11,2
2038,ロイヤルズ,ヤンキース,3,11
2039,レッズ,インディアンス,2,6
2040,タイガース,Wソックス,4,3
2041,インディアンス,タイガース,3,2
2042,ロッキーズ,ナショナルズ,1,3
2043,インディアンス,Rソックス,7,3
2044,マリナーズ,ロイヤルズ,1,9
2045,メッツ,ナショナルズ,4,5
2046,ツインズ,ヤンキース,4,8
2047,ロッキーズ,Dバックス,8,11
2048,Rソックス,アストロズ,2,8
2049,ヤンキース,インディアンス,0,4
2050,Rソックス,アストロズ,2,8
2051,ヤンキース,インディアンス,8,9
2052,アストロズ,Rソックス,3,10
2053,インディアンス,ヤンキース,0,1
2054,アストロズ,Rソックス,5,4
2055,インディアンス,ヤンキース,3,7
2056,ヤンキース,インディアンス,5,2
2057,カブス,ナショナルズ,3,0
2058,Dバックス,ドジャース,5,9
2059,カブス,ナショナルズ,3,6
2060,Dバックス,ドジャース,5,8
2061,ナショナルズ,カブス,1,2
2062,ドジャース,Dバックス,3,1
2063,カブス,ナショナルズ,9,8
2064,ヤンキース,アストロズ,1,2
2065,ヤンキース,アストロズ,1,2
2066,アストロズ,ヤンキース,1,8
2067,アストロズ,ヤンキース,4,6
2068,アストロズ,ヤンキース,0,5
2069,ヤンキース,アストロズ,1,7
2070,ヤンキース,アストロズ,0,4
2071,カブス,ドジャース,2,5
2072,カブス,ドジャース,1,4
2073,ドジャース,カブス,6,1
2074,ドジャース,カブス,2,3
2075,ドジャース,カブス,11,1
2076,アストロズ,ドジャース,1,3
2077,アストロズ,ドジャース,7,6
2078,ドジャース,アストロズ,3,5
2079,ドジャース,アストロズ,6,2
2080,ドジャース,アストロズ,12,13
2081,アストロズ,ドジャース,5,1
2082,ジャイアンツ,ナショナルズ,2,6
2083,インディアンス,ツインズ,2,4
2084,インディアンス,ヤンキース,9,4
2085,ブレーブス,フィリーズ,5,2
2086,メッツ,アストロズ,8,12
2087,レンジャーズ,ブレーブス,12,8
2088,ヤンキース,オリオールズ,9,1
2089,ナショナルズ,カブス,5,0
2090,ロッキーズ,Dバックス,2,8
2091,ロッキーズ,Dバックス,8,9
2092,ロッキーズ,Dバックス,2,1
2093,ドジャース,Dバックス,7,8
2094,ドジャース,Dバックス,1,6
2095,ドジャース,Dバックス,0,3
2096,ジャイアンツ,Dバックス,1,3
2097,パドレス,Dバックス,2,4
2098,ドジャース,Dバックス,3,4
2099,アストロズ,Dバックス,8,0
2100,アストロズ,Dバックス,3,4
2101,アストロズ,Dバックス,1,3
2102,ナショナルズ,Dバックス,2,1
2103,ナショナルズ,Dバックス,3,1
2104,ナショナルズ,Dバックス,2,1
2105,ブリュワーズ,Dバックス,7,2
2106,マーリンズ,Dバックス,2,6
2107,パイレーツ,Dバックス,5,9
2108,パイレーツ,Dバックス,8,13
2109,パイレーツ,Dバックス,5,4
2110,ジャイアンツ,Dバックス,2,1
2111,ジャイアンツ,Dバックス,7,0
2112,ジャイアンツ,Dバックス,9,6
2113,カージナルス,Dバックス,6,3
2114,カージナルス,Dバックス,2,4
2115,カージナルス,Dバックス,8,4
2116,パドレス,Dバックス,1,3
2117,パドレス,Dバックス,5,20
2118,ア・リーグ,ナ・リーグ,8,6
2119,レンジャーズ,Dバックス,9,5
2120,レンジャーズ,Dバックス,0,6
2121,ジャイアンツ,Dバックス,8,1
2122,ジャイアンツ,Dバックス,3,6
2123,ジャイアンツ,Dバックス,3,2
2124,フィリーズ,Dバックス,2,3
2125,フィリーズ,Dバックス,5,2
2126,エンゼルス,Dバックス,4,4
2127,エンゼルス,Dバックス,1,5
2128,マリナーズ,Dバックス,6,3
2129,マリナーズ,Dバックス,4,3
2130,マリナーズ,Dバックス,2,5
2131,パドレス,Dバックス,6,2
2132,パドレス,Dバックス,0,6
2133,ブレーブス,Dバックス,7,6
2134,ブレーブス,Dバックス,3,5
2135,カブス,Dバックス,5,1
2136,カブス,Dバックス,9,1
2137,カブス,Dバックス,0,9
2138,ロッキーズ,Dバックス,6,2
2139,ロッキーズ,Dバックス,5,1
2140,ロッキーズ,Dバックス,2,0
2141,ドジャース,Dバックス,7,4
2142,ドジャース,Dバックス,3,4
2143,ドジャース,Dバックス,2,7
2144,フィリーズ,ブレーブス,5,8
2145,フィリーズ,ブレーブス,5,4
2146,メッツ,ナショナルズ,3,2
2147,フィリーズ,ブレーブス,2,15
2148,メッツ,ナショナルズ,6,5
2149,ブレーブス,ナショナルズ,0,2
2150,ナショナルズ,ブレーブス,8,1
2151,ナショナルズ,ブレーブス,6,13
2152,ナショナルズ,ブレーブス,1,7
2153,ブレーブス,ナショナルズ,5,3
2154,フィリーズ,ブレーブス,1,2
2155,ロッキーズ,ナショナルズ,5,1
2156,ロッキーズ,ナショナルズ,2,1
2157,メッツ,ブレーブス,4,12
2158,ロッキーズ,ナショナルズ,2,6
2159,ロッキーズ,ナショナルズ,6,5
2160,Dバックス,ナショナルズ,5,4
2161,レイズ,Rソックス,3,10
2162,レイズ,Rソックス,7,8
2163,マーリンズ,ブレーブス,2,0
2164,マーリンズ,ブレーブス,9,10
2165,パイレーツ,ナショナルズ,4,12
2166,ヤンキース,Rソックス,1,14
2167,ヤンキース,Rソックス,10,7
2168,ヤンキース,Rソックス,3,6
2169,ナショナルズ,ブレーブス,5,3
2170,ヤンキース,ナショナルズ,3,5
2171,メッツ,ブレーブス,2,8
2172,メッツ,ブレーブス,0,2
2173,オリオールズ,Rソックス,3,7
2174,ドジャース,ナショナルズ,7,2
2175,オリオールズ,Rソックス,3,10
2176,パドレス,ナショナルズ,2,10
2177,オリオールズ,ブレーブス,10,7
2178,オリオールズ,ブレーブス,7,5
2179,オリオールズ,ブレーブス,3,7
2180,レッズ,ブレーブス,4,5
2181,パドレス,ナショナルズ,3,1
2182,レッズ,ブレーブス,5,3
2183,オリオールズ,Rソックス,1,3
2184,ブルージェイズ,ブレーブス,6,2
2185,ブルージェイズ,ブレーブス,5,9
2186,レイズ,ナショナルズ,2,4
2187,ドジャース,ブレーブス,8,2
2188,レイズ,ナショナルズ,2,11
2189,ジャイアンツ,ナショナルズ,9,5
2190,レイズ,Rソックス,4,3
2191,マーリンズ,ブレーブス,3,5
2192,レイズ,Rソックス,12,6
2193,マーリンズ,ブレーブス,6,11
2194,オリオールズ,ナショナルズ,7,9
2195,レイズ,Rソックス,3,4
2196,オリオールズ,ナショナルズ,3,0
2197,ブリュワーズ,ブレーブス,1,10
2198,オリオールズ,ナショナルズ,2,4
2199,ブリュワーズ,ブレーブス,4,2
2200,ブリュワーズ,ブレーブス,7,8
2201,フィリーズ,ナショナルズ,12,2
2202,マーリンズ,ブレーブス,1,6
2203,フィリーズ,ナショナルズ,5,3
2204,マーリンズ,ブレーブス,6,10
2205,フィリーズ,ナショナルズ,6,8
2206,ロイヤルズ,Rソックス,7,6
2207,マーリンズ,ブレーブス,2,5
2208,ロッキーズ,ブレーブス,5,3
2209,Rソックス,ナショナルズ,4,3
2210,ロッキーズ,ブレーブス,11,5
2211,ロイヤルズ,Rソックス,4,5
2212,ロッキーズ,ブレーブス,5,3
2213,Rソックス,ナショナルズ,11,4
2214,ロッキーズ,ブレーブス,4,2
2215,Rソックス,ナショナルズ,3,0
2216,レイズ,ブレーブス,5,9
2217,アスレチックス,Rソックス,6,5
2218,レイズ,ブレーブス,8,5
2219,アスレチックス,Rソックス,5,3
2220,マーリンズ,ナショナルズ,2,3
2221,パイレーツ,ブレーブス,3,2
2222,マーリンズ,ナショナルズ,4,18
2223,パイレーツ,ブレーブス,3,5
2224,パイレーツ,ブレーブス,1,5
2225,Rソックス,ブレーブス,8,2
2226,オリオールズ,Rソックス,7,4
2227,Rソックス,ブレーブス,5,1
2228,Rソックス,ブレーブス,9,8
2229,オリオールズ,Rソックス,3,6
2230,ナショナルズ,ブレーブス,5,10
2231,ナショナルズ,ブレーブス,7,1
2232,オリオールズ,Rソックス,0,5
2233,ナショナルズ,ブレーブス,6,4
2234,メッツ,ナショナルズ,4,25
2235,カージナルス,ブレーブス,11,6
2236,カージナルス,ブレーブス,8,1
2237,ブレーブス,Rソックス,2,6
2238,カージナルス,ブレーブス,3,7
2239,フィリーズ,ブレーブス,3,8
2240,ブレーブス,Rソックス,6,8
2241,フィリーズ,ブレーブス,5,6
2242,メッツ,ナショナルズ,3,5
2243,フィリーズ,ブレーブス,3,5
2244,フィリーズ,ブレーブス,1,2
2245,レッズ,ナショナルズ,4,10
2246,ブレーブス,Rソックス,7,1
2247,ブルージェイズ,Rソックス,3,8
2248,ブルージェイズ,Rソックス,3,8
2249,レッズ,ナショナルズ,1,2
2250,ブルージェイズ,Rソックス,4,6
2251,ブレーブス,ナショナルズ,3,1
2252,タイガース,Rソックス,0,6
2253,マーリンズ,ナショナルズ,2,8
2254,タイガース,Rソックス,1,7
2255,タイガース,Rソックス,7,2
2256,マーリンズ,ナショナルズ,7,5
2257,マーリンズ,ナショナルズ,12,1
2258,Wソックス,Rソックス,1,0
2259,フィリーズ,ナショナルズ,4,10
2260,フィリーズ,ナショナルズ,7,8
2261,Wソックス,Rソックス,2,4
2262,フィリーズ,ナショナルズ,2,0
2263,ブリュワーズ,ナショナルズ,4,1
2264,Wソックス,Rソックス,5,2
2265,ブリュワーズ,ナショナルズ,4,5
2266,ブリュワーズ,ナショナルズ,9,4
2267,マリナーズ,Rソックス,10,14
2268,カージナルス,ナショナルズ,3,4
2269,カージナルス,ナショナルズ,11,8
2270,マリナーズ,Rソックス,7,2
2271,カージナルス,ナショナルズ,7,6
2272,マリナーズ,Rソックス,0,5
2273,カブス,ナショナルズ,6,4
2274,エンゼルス,Rソックス,1,9
2275,エンゼルス,Rソックス,2,4
2276,メッツ,ナショナルズ,5,4
2277,メッツ,ナショナルズ,4,2
2278,メッツ,ナショナルズ,0,6
2279,メッツ,ナショナルズ,8,6
2280,マーリンズ,ナショナルズ,3,7
2281,マーリンズ,ナショナルズ,4,9
2282,マーリンズ,ナショナルズ,3,9
2283,レンジャーズ,Rソックス,2,4
2284,ブルージェイズ,Rソックス,4,6
2285,ブルージェイズ,Rソックス,2,5
2286,ヤンキース,ブルージェイズ,6,1
2287,ヤンキース,ブルージェイズ,4,2
2288,ツインズ,Rソックス,2,1
2289,ヤンキース,ブルージェイズ,3,5
2290,ヤンキース,ブルージェイズ,4,7
2291,Wソックス,ブルージェイズ,2,4
2292,Wソックス,ブルージェイズ,5,14
2293,ツインズ,Rソックス,4,10
2294,Wソックス,ブルージェイズ,4,3
2295,ツインズ,Rソックス,0,3
2296,ロイヤルズ,ブルージェイズ,3,11
2297,フィリーズ,Rソックス,1,2
2298,フィリーズ,Rソックス,3,1
2299,Rソックス,ブルージェイズ,3,4
2300,Rソックス,ブルージェイズ,4,3
2301,ヤンキース,Rソックス,7,15
2302,Rソックス,ブルージェイズ,5,4
2303,レンジャーズ,ブルージェイズ,6,4
2304,ヤンキース,Rソックス,1,4
2305,ヤンキース,Rソックス,1,4
2306,ヤンキース,Rソックス,4,5
2307,レイズ,Rソックス,3,7
2308,レイズ,Rソックス,2,5
2309,レイズ,Rソックス,2,0
2310,インディアンス,Rソックス,5,4
2311,インディアンス,Rソックス,6,3
2312,インディアンス,Rソックス,4,10
2313,インディアンス,Rソックス,0,7
2314,マーリンズ,Rソックス,7,7
2315,マーリンズ,Rソックス,6,14
2316,アストロズ,Rソックス,6,3
2317,ブルージェイズ,Rソックス,2,7
2318,ブルージェイズ,Rソックス,0,1
2319,ブルージェイズ,Rソックス,3,4
2320,メッツ,Rソックス,8,0
2321,メッツ,Rソックス,3,5
2322,メッツ,Rソックス,3,4
2323,オリオールズ,Rソックス,2,6
2324,オリオールズ,Rソックス,10,3
2325,マリナーズ,ブルージェイズ,5,0
2326,ヤンキース,Rソックス,11,6
2327,マリナーズ,ブルージェイズ,9,3
2328,Rソックス,ブルージェイズ,3,5
2329,ヤンキース,Rソックス,8,5
2330,Rソックス,ブルージェイズ,5,2
2331,ヤンキース,Rソックス,2,10
2332,Rソックス,ブルージェイズ,5,3
2333,アスレチックス,ブルージェイズ,10,5
2334,アスレチックス,ブルージェイズ,3,1
2335,アスレチックス,ブルージェイズ,5,4
2336,アスレチックス,ブルージェイズ,9,2
2337,エンゼルス,ブルージェイズ,3,5
2338,エンゼルス,ブルージェイズ,5,4
2339,エンゼルス,ブルージェイズ,8,1
2340,ヤンキース,ブルージェイズ,7,2
2341,ヤンキース,ブルージェイズ,3,0
2342,オリオールズ,ブルージェイズ,4,5
2343,タイガース,Wソックス,6,1
2344,オリオールズ,ブルージェイズ,1,5
2345,オリオールズ,ブルージェイズ,3,4
2346,タイガース,Wソックス,1,0
2347,オリオールズ,ブルージェイズ,3,13
2348,レイズ,Wソックス,5,4
2349,ナショナルズ,ブルージェイズ,5,6
2350,ナショナルズ,ブルージェイズ,6,8
2351,レイズ,Wソックス,6,5
2352,ブレーブス,ブルージェイズ,11,4
2353,レイズ,Wソックス,1,2
2354,ブレーブス,ブルージェイズ,4,5
2355,タイガース,ブルージェイズ,2,3
2356,タイガース,ブルージェイズ,3,4
2357,アストロズ,Wソックス,10,1
2358,アストロズ,Wソックス,7,1
2359,マリナーズ,Wソックス,1,0
2360,マリナーズ,Wソックス,4,3
2361,タイガース,ブルージェイズ,9,1
2362,タイガース,ブルージェイズ,3,2
2363,メッツ,ブルージェイズ,6,8
2364,メッツ,ブルージェイズ,6,3
2365,ヤンキース,ブルージェイズ,2,6
2366,ツインズ,Wソックス,8,4
2367,ヤンキース,ブルージェイズ,8,5
2368,ヤンキース,ブルージェイズ,2,1
2369,ツインズ,Wソックス,5,3
2370,パイレーツ,Wソックス,10,6
2371,オリオールズ,ブルージェイズ,1,4
2372,パイレーツ,Wソックス,6,5
2373,オリオールズ,ブルージェイズ,4,5
2374,ツインズ,ブルージェイズ,8,3
2375,ツインズ,ブルージェイズ,5,0
2376,レンジャーズ,Wソックス,12,5
2377,ツインズ,ブルージェイズ,12,6
2378,レンジャーズ,Wソックス,0,3
2379,オリオールズ,Wソックス,3,2
2380,Rソックス,ブルージェイズ,10,7
2381,オリオールズ,Wソックス,1,11
2382,オリオールズ,Wソックス,9,3
2383,レイズ,ブルージェイズ,7,0
2384,レイズ,ブルージェイズ,3,1
2385,ブリュワーズ,Wソックス,3,8
2386,レイズ,ブルージェイズ,1,2
2387,オリオールズ,ブルージェイズ,3,5
2388,ブリュワーズ,Wソックス,5,0
2389,オリオールズ,ブルージェイズ,0,6
2390,ブリュワーズ,Wソックス,1,6
2391,オリオールズ,ブルージェイズ,2,8
2392,フィリーズ,ブルージェイズ,2,4
2393,インディアンス,Wソックス,4,0
2394,フィリーズ,ブルージェイズ,6,8
2395,インディアンス,Wソックス,1,5
2396,フィリーズ,ブルージェイズ,8,3
2397,インディアンス,Wソックス,2,3
2398,レイズ,ブルージェイズ,7,1
2399,レイズ,ブルージェイズ,4,0
2400,レイズ,ブルージェイズ,3,10
2401,インディアンス,ブルージェイズ,9,4
2402,インディアンス,ブルージェイズ,2,3
2403,アスレチックス,Wソックス,11,2
2404,アスレチックス,Wソックス,7,6
2405,インディアンス,ブルージェイズ,2,6
2406,レイズ,ブルージェイズ,8,9
2407,アスレチックス,Wソックス,3,10
2408,レイズ,ブルージェイズ,11,3
2409,レイズ,ブルージェイズ,2,5
2410,レイズ,ブルージェイズ,5,2
2411,アストロズ,ブルージェイズ,5,3
2412,ツインズ,Wソックス,2,1
2413,アストロズ,ブルージェイズ,4,1
2414,アストロズ,ブルージェイズ,1,3
2415,カージナルス,Wソックス,14,2
2416,カージナルス,Wソックス,0,4
2417,アストロズ,レンジャーズ,4,1
2418,アストロズ,レンジャーズ,1,5
2419,ブルージェイズ,Wソックス,5,9
2420,アストロズ,レンジャーズ,9,3
2421,パイレーツ,カブス,5,13
2422,ブルージェイズ,Wソックス,7,4
2423,アストロズ,レンジャーズ,8,2
2424,パイレーツ,カブス,6,1
2425,ロイヤルズ,Wソックス,4,2
2426,ブルージェイズ,レンジャーズ,1,5
2427,ブルージェイズ,レンジャーズ,7,4
2428,エンゼルス,レンジャーズ,8,3
2429,ブレーブス,カブス,4,0
2430,ロイヤルズ,Wソックス,10,5
2431,ブレーブス,カブス,10,14
2432,ロイヤルズ,Wソックス,4,6
2433,エンゼルス,レンジャーズ,7,2
2434,マリナーズ,レンジャーズ,4,7
2435,ヤンキース,Wソックス,7,0
2436,ヤンキース,Wソックス,4,3
2437,インディアンス,Wソックス,0,1
2438,インディアンス,Wソックス,3,1
2439,インディアンス,Wソックス,9,7
2440,ブリュワーズ,カブス,0,1
2441,ブリュワーズ,カブス,2,3
2442,ロイヤルズ,Wソックス,3,9
2443,ロイヤルズ,Wソックス,3,1
2444,ヤンキース,レンジャーズ,10,5
2445,ロイヤルズ,Wソックス,6,7
2446,ヤンキース,レンジャーズ,10,12
2447,ツインズ,Wソックス,5,2
2448,ロッキーズ,カブス,3,1
2449,ツインズ,Wソックス,3,7
2450,Rソックス,Wソックス,9,4
2451,Rソックス,Wソックス,1,6
2452,Rソックス,Wソックス,6,1
2453,Wソックス,カブス,2,11
2454,Rソックス,Wソックス,0,8
2455,タイガース,Wソックス,2,4
2456,アストロズ,レンジャーズ,7,3
2457,Wソックス,カブス,4,8
2458,Wソックス,カブス,5,3
2459,タイガース,Wソックス,8,3
2460,タイガース,Wソックス,10,2
2461,インディアンス,カブス,10,1
2462,エンゼルス,Wソックス,5,2
2463,インディアンス,カブス,1,0
2464,パドレス,レンジャーズ,4,7
2465,パドレス,レンジャーズ,3,2
2466,カブス,Wソックス,4,10
2467,カブス,Wソックス,8,3
2468,Wソックス,レンジャーズ,3,11
2469,Wソックス,レンジャーズ,4,13
2470,カブス,Wソックス,6,1
2471,インディアンス,Wソックス,4,0
2472,インディアンス,Wソックス,4,5
2473,Wソックス,レンジャーズ,10,5
2474,インディアンス,Wソックス,10,2
2475,パイレーツ,カブス,1,3
2476,アストロズ,レンジャーズ,5,3
2477,アストロズ,レンジャーズ,5,4
2478,アスレチックス,レンジャーズ,15,3
2479,アスレチックス,レンジャーズ,6,5
2480,アスレチックス,レンジャーズ,7,6
2481,ドジャース,カブス,1,2
2482,オリオールズ,レンジャーズ,8,17
2483,ツインズ,オリオールズ,2,3
2484,オリオールズ,レンジャーズ,3,11
2485,ツインズ,オリオールズ,6,2
2486,ツインズ,カブス,6,10
2487,オリオールズ,レンジャーズ,9,6
2488,ツインズ,カブス,9,14
2489,ツインズ,オリオールズ,7,0
2490,マリナーズ,レンジャーズ,4,3
2491,ブルージェイズ,オリオールズ,7,1
2492,ブルージェイズ,オリオールズ,2,1
2493,マリナーズ,レンジャーズ,4,11
2494,ツインズ,カブス,10,11
2495,ブルージェイズ,オリオールズ,3,5
2496,タイガース,カブス,3,5
2497,インディアンス,オリオールズ,1,3
2498,タイガース,カブス,2,5
2499,Dバックス,レンジャーズ,3,5
2500,インディアンス,オリオールズ,4,0
2501,レッズ,カブス,3,2
2502,Dバックス,レンジャーズ,6,4
2503,レッズ,カブス,7,8
2504,エンゼルス,レンジャーズ,6,8
2505,インディアンス,オリオールズ,7,3
2506,エンゼルス,レンジャーズ,4,6
2507,インディアンス,オリオールズ,2,1
2508,ナショナルズ,レッズ,13,7
2509,カージナルス,カブス,6,9
2510,エンゼルス,レンジャーズ,11,7
2511,エンゼルス,レンジャーズ,2,4
2512,ドジャース,レンジャーズ,8,4
2513,ナショナルズ,レッズ,6,5
2514,ドジャース,レンジャーズ,3,1
2515,Dバックス,カブス,7,1
2516,ツインズ,レンジャーズ,10,7
2517,カブス,レッズ,0,1
2518,Dバックス,カブス,1,2
2519,Dバックス,カブス,6,7
2520,パドレス,カブス,6,1
2521,ツインズ,レンジャーズ,4,7
2522,パドレス,カブス,4,5
2523,カージナルス,レッズ,13,4
2524,ツインズ,レンジャーズ,4,18
2525,エンゼルス,レンジャーズ,3,1
2526,パドレス,カブス,10,6
2527,カージナルス,レッズ,5,3
2528,エンゼルス,レンジャーズ,2,4
2529,ナショナルズ,カブス,2,3
2530,エンゼルス,レンジャーズ,9,3
2531,ナショナルズ,カブス,9,4
2532,レイズ,レンジャーズ,3,0
2533,ナショナルズ,カブス,3,4
2534,カージナルス,レッズ,6,1
2535,レイズ,レンジャーズ,4,0
2536,ブリュワーズ,カブス,7,0
2537,レイズ,レンジャーズ,9,3
2538,カージナルス,レッズ,3,2
2539,ブリュワーズ,カブス,4,8
2540,マリナーズ,レンジャーズ,3,8
2541,マリナーズ,レンジャーズ,13,0
2542,レッズ,カブス,1,7
2543,マリナーズ,レンジャーズ,1,6
2544,レイズ,オリオールズ,8,4
2545,レイズ,オリオールズ,9,5
2546,タイガース,オリオールズ,0,6
2547,タイガース,オリオールズ,3,5
2548,Rソックス,レイズ,4,6
2549,ロイヤルズ,オリオールズ,15,7
2550,ブレーブス,レッズ,7,4
2551,ロイヤルズ,オリオールズ,6,11
2552,Rソックス,レイズ,1,0
2553,レイズ,オリオールズ,4,9
2554,レッズ,カブス,2,3
2555,Rソックス,レイズ,3,2
2556,レイズ,オリオールズ,3,6
2557,レッズ,カブス,6,10
2558,レイズ,オリオールズ,1,17
2559,レッズ,カブス,0,9
2560,フィリーズ,オリオールズ,4,1
2561,メッツ,カブス,4,7
2562,ブリュワーズ,レッズ,7,6
2563,メッツ,カブス,1,2
2564,ナショナルズ,オリオールズ,6,0
2565,メッツ,カブス,10,3
2566,ナショナルズ,オリオールズ,3,2
2567,ナショナルズ,オリオールズ,2,0
2568,Rソックス,レイズ,2,1
2569,フィリーズ,レイズ,2,1
2570,フィリーズ,レイズ,9,4
2571,ブリュワーズ,カブス,3,2
2572,ヤンキース,オリオールズ,4,1
2573,フィリーズ,レイズ,10,4
2574,ブリュワーズ,カブス,0,3
2575,レンジャーズ,レイズ,4,8
2576,ヤンキース,オリオールズ,8,5
2577,ブリュワーズ,カブス,5,1
2578,レッズ,カブス,2,3
2579,レッズ,カブス,0,1
2580,Rソックス,オリオールズ,2,0
2581,ツインズ,レイズ,7,8
2582,レッズ,カブス,2,1
2583,ツインズ,レイズ,1,10
2584,パイレーツ,カブス,5,1
2585,Rソックス,オリオールズ,6,4
2586,ツインズ,レイズ,6,8
2587,Rソックス,オリオールズ,5,1
2588,パイレーツ,カブス,6,0
2589,パイレーツ,カブス,6,7
2590,マーリンズ,オリオールズ,2,0
2591,パイレーツ,カブス,0,3
2592,マーリンズ,オリオールズ,4,10
2593,カージナルス,カブス,4,8
2594,ブルージェイズ,レイズ,2,6
2595,カージナルス,カブス,2,1
2596,ブルージェイズ,レイズ,3,5
2597,ブルージェイズ,レイズ,2,1
2598,カージナルス,カブス,5,10
2599,ブレーブス,レイズ,1,0
2600,ブレーブス,レイズ,5,2
2601,Rソックス,レイズ,4,1
2602,Rソックス,レイズ,3,6
2603,カブス,レッズ,8,1
2604,オリオールズ,レイズ,2,0
2605,オリオールズ,レイズ,3,8
2606,カブス,レッズ,6,1
2607,マリナーズ,レイズ,5,4
2608,マリナーズ,レイズ,4,3
2609,マリナーズ,レイズ,3,7
2610,パイレーツ,レッズ,5,4
2611,マリナーズ,レイズ,5,4
2612,ブルージェイズ,レイズ,4,8
2613,ブルージェイズ,レイズ,1,4
2614,ロイヤルズ,インディアンス,1,0
2615,ブルージェイズ,レイズ,0,1
2616,ロイヤルズ,インディアンス,1,3
2617,ヤンキース,レイズ,1,2
2618,タイガース,インディアンス,0,2
2619,ヤンキース,レイズ,0,4
2620,タイガース,インディアンス,1,2
2621,ヤンキース,レイズ,6,7
2622,タイガース,インディアンス,1,5
2623,ナショナルズ,レイズ,0,11
2624,タイガース,インディアンス,3,9
2625,ナショナルズ,レイズ,0,1
2626,ブルージェイズ,インディアンス,8,4
2627,アストロズ,レイズ,1,0
2628,アストロズ,レイズ,2,3
2629,アストロズ,レイズ,2,5
2630,カブス,インディアンス,10,3
2631,カブス,インディアンス,1,4
2632,カージナルス,レッズ,7,6
2633,マリナーズ,インディアンス,5,4
2634,アストロズ,レイズ,2,3
2635,マリナーズ,インディアンス,5,6
2636,タイガース,レイズ,2,4
2637,マーリンズ,レイズ,6,5
2638,マーリンズ,レイズ,3,2
2639,レンジャーズ,インディアンス,8,6
2640,マーリンズ,レイズ,4,6
2641,タイガース,レッズ,5,9
2642,ヤンキース,レイズ,6,7
2643,ロイヤルズ,インディアンス,10,9
2644,タイガース,レッズ,3,5
2645,ロイヤルズ,インディアンス,2,6
2646,ヤンキース,レイズ,4,0
2647,ロイヤルズ,インディアンス,2,11
2648,ヤンキース,レイズ,2,3
2649,アストロズ,インディアンス,8,2
2650,アストロズ,インディアンス,11,2
2651,エンゼルス,レイズ,6,10
2652,カブス,レッズ,2,6
2653,アストロズ,インディアンス,9,10
2654,カブス,レッズ,3,6
2655,Wソックス,インディアンス,6,9
2656,エンゼルス,レイズ,2,7
2657,Wソックス,インディアンス,3,7
2658,エンゼルス,レイズ,2,4
2659,Wソックス,インディアンス,1,9
2660,Wソックス,レイズ,3,2
2661,カブス,レッズ,2,11
2662,Wソックス,レイズ,2,1
2663,ブリュワーズ,インディアンス,2,3
2664,Wソックス,レイズ,8,7
2665,カブス,レッズ,6,8
2666,ブリュワーズ,インディアンス,1,3
2667,オリオールズ,レイズ,3,4
2668,ブリュワーズ,レッズ,6,4
2669,ロイヤルズ,レイズ,0,1
2670,ロイヤルズ,レイズ,1,4
2671,ブリュワーズ,レッズ,8,2
2672,Wソックス,インディアンス,2,6
2673,ロイヤルズ,レイズ,3,6
2674,Wソックス,インディアンス,3,6
2675,ロイヤルズ,レイズ,3,4
2676,Wソックス,インディアンス,0,12
2677,Rソックス,レイズ,3,10
2678,ブリュワーズ,レッズ,3,12
2679,タイガース,インディアンス,0,10
2680,タイガース,インディアンス,1,4
2681,Rソックス,レイズ,1,5
2682,タイガース,インディアンス,2,12
2683,Rソックス,レイズ,1,9
2684,ブリュワーズ,レッズ,2,8
2685,アスレチックス,インディアンス,4,10
2686,Wソックス,レッズ,3,5
2687,アスレチックス,インディアンス,6,3
2688,アスレチックス,インディアンス,6,0
2689,レッズ,インディアンス,7,5
2690,Wソックス,レッズ,12,8
2691,レッズ,インディアンス,7,4
2692,オリオールズ,レイズ,2,14
2693,レッズ,インディアンス,4,19
2694,ヤンキース,インディアンス,7,4
2695,Wソックス,レッズ,4,7
2696,インディアンス,レイズ,5,6
2697,パイレーツ,インディアンス,7,0
2698,パイレーツ,インディアンス,9,4
2699,パイレーツ,インディアンス,0,4
2700,エンゼルス,インディアンス,7,4
2701,インディアンス,レイズ,2,0
2702,エンゼルス,インディアンス,0,3
2703,インディアンス,レイズ,1,3
2704,エンゼルス,インディアンス,3,4
2705,ツインズ,インディアンス,0,10
2706,アスレチックス,レイズ,2,1
2707,カージナルス,レッズ,1,2
2708,ツインズ,インディアンス,3,2
2709,アスレチックス,レイズ,5,7
2710,アスレチックス,レイズ,4,5
2711,ツインズ,インディアンス,4,5
2712,オリオールズ,インディアンス,1,2
2713,オリオールズ,インディアンス,4,2
2714,ヤンキース,レイズ,4,1
2715,カージナルス,レッズ,3,7
2716,オリオールズ,インディアンス,0,8
2717,ヤンキース,レイズ,9,2
2718,ツインズ,インディアンス,1,8
2719,ツインズ,インディアンス,4,3
2720,ヤンキース,レイズ,7,8
2721,ツインズ,インディアンス,3,5
2722,ヤンキース,レイズ,12,1
2723,フィリーズ,レッズ,9,4
2724,レイズ,インディアンス,0,3
2725,ブルージェイズ,レイズ,7,6
2726,ブルージェイズ,レイズ,3,4
2727,レイズ,インディアンス,5,3
2728,レイズ,インディアンス,6,4
2729,ロイヤルズ,インディアンス,5,1
2730,ブルージェイズ,レイズ,4,9
2731,ロイヤルズ,インディアンス,3,9
2732,ロイヤルズ,インディアンス,1,3
2733,タイガース,インディアンス,5,4
2734,タイガース,インディアンス,0,15
2735,タイガース,インディアンス,6,4
2736,Wソックス,インディアンス,3,5
2737,Wソックス,インディアンス,1,4
2738,Wソックス,インディアンス,5,4
2739,Dバックス,レッズ,0,3
2740,Rソックス,インディアンス,7,5
2741,Rソックス,インディアンス,4,5
2742,Dバックス,レッズ,3,6
2743,Rソックス,インディアンス,3,4
2744,Dバックス,レッズ,9,2
2745,インディアンス,レッズ,10,3
2746,インディアンス,レッズ,8,1
2747,インディアンス,レッズ,4,3
2748,ジャイアンツ,レッズ,1,2
2749,ジャイアンツ,レッズ,1,7
2750,オリオールズ,アストロズ,1,6
2751,ジャイアンツ,レッズ,4,11
2752,オリオールズ,アストロズ,6,10
2753,オリオールズ,アストロズ,2,3
2754,ブリュワーズ,レッズ,7,9
2755,パドレス,アストロズ,0,1
2756,ブリュワーズ,レッズ,13,12
2757,パドレス,アストロズ,1,4
2758,レンジャーズ,アストロズ,2,3
2759,レンジャーズ,アストロズ,6,5
2760,Dバックス,カージナルス,3,5
2761,ブリュワーズ,レッズ,2,1
2762,レンジャーズ,アストロズ,3,1
2763,Dバックス,カージナルス,4,1
2764,ブリュワーズ,カージナルス,5,4
2765,パドレス,レッズ,6,2
2766,パドレス,レッズ,6,12
2767,エンゼルス,アストロズ,2,5
2768,ブリュワーズ,カージナルス,3,2
2769,アスレチックス,アストロズ,8,1
2770,レッズ,カージナルス,2,9
2771,ヤンキース,アストロズ,4,0
2772,ヤンキース,アストロズ,6,5
2773,ドジャース,レッズ,6,10
2774,メッツ,カージナルス,3,4
2775,レンジャーズ,アストロズ,1,0
2776,レンジャーズ,アストロズ,1,6
2777,ドジャース,レッズ,1,3
2778,インディアンス,アストロズ,1,4
2779,インディアンス,アストロズ,5,4
2780,インディアンス,アストロズ,1,3
2781,ジャイアンツ,アストロズ,2,11
2782,ジャイアンツ,アストロズ,1,4
2783,Rソックス,アストロズ,2,4
2784,Wソックス,カージナルス,2,3
2785,Rソックス,アストロズ,3,7
2786,Rソックス,アストロズ,5,4
2787,ドジャース,レッズ,8,1
2788,レイズ,アストロズ,4,5
2789,Wソックス,カージナルス,2,3
2790,レイズ,アストロズ,2,1
2791,レイズ,アストロズ,1,5
2792,ロイヤルズ,レッズ,4,3
2793,ロイヤルズ,アストロズ,1,0
2794,ロイヤルズ,アストロズ,3,4
2795,ロイヤルズ,レッズ,6,1
2796,ロイヤルズ,アストロズ,3,11
2797,パイレーツ,レッズ,8,4
2798,ブルージェイズ,アストロズ,6,3
2799,ブルージェイズ,アストロズ,0,7
2800,ツインズ,カージナルス,6,0
2801,パイレーツ,レッズ,0,3
2802,ツインズ,カージナルス,7,1
2803,Wソックス,アストロズ,4,11
2804,Wソックス,アストロズ,6,12
2805,パイレーツ,レッズ,6,5
2806,フィリーズ,カージナルス,4,12
2807,フィリーズ,カージナルス,1,5
2808,ロイヤルズ,カージナルス,0,6
2809,アスレチックス,アストロズ,8,3
2810,ロイヤルズ,カージナルス,5,1
2811,アスレチックス,アストロズ,6,4
2812,ロイヤルズ,カージナルス,5,2
2813,ブレーブス,ロッキーズ,4,0
2814,パドレス,ロッキーズ,7,6
2815,パイレーツ,カージナルス,2,3
2816,パドレス,ロッキーズ,4,6
2817,パドレス,カージナルス,2,5
2818,パドレス,カージナルス,4,2
2819,パドレス,カージナルス,4,2
2820,インディアンス,カージナルス,0,4
2821,インディアンス,カージナルス,2,11
2822,マリナーズ,アストロズ,5,2
2823,マリナーズ,アストロズ,3,2
2824,ブレーブス,カージナルス,5,1
2825,マリナーズ,アストロズ,4,3
2826,ブレーブス,カージナルス,11,4
2827,ロッキーズ,アストロズ,5,1
2828,ロッキーズ,アストロズ,1,12
2829,アスレチックス,アストロズ,4,11
2830,ブレーブス,カージナルス,6,5
2831,アスレチックス,アストロズ,4,3
2832,アスレチックス,アストロズ,4,5
2833,エンゼルス,ロッキーズ,2,4
2834,エンゼルス,アストロズ,5,2
2835,エンゼルス,アストロズ,3,0
2836,エンゼルス,ロッキーズ,8,0
2837,エンゼルス,アストロズ,3,7
2838,エンゼルス,アストロズ,2,4
2839,ブリュワーズ,ロッキーズ,5,2
2840,ツインズ,アストロズ,1,4
2841,ブリュワーズ,ロッキーズ,11,10
2842,ツインズ,アストロズ,2,5
2843,ロッキーズ,カージナルス,4,5
2844,ブリュワーズ,ロッキーズ,0,4
2845,ロッキーズ,カージナルス,6,3
2846,ツインズ,アストロズ,1,9
2847,ロッキーズ,カージナルス,3,6
2848,Dバックス,アストロズ,4,2
2849,ロッキーズ,カージナルス,2,3
2850,Dバックス,アストロズ,4,10
2851,ナショナルズ,カージナルス,6,7
2852,Dバックス,アストロズ,4,5
2853,ナショナルズ,カージナルス,4,6
2854,マリナーズ,アストロズ,4,1
2855,ナショナルズ,カージナルス,2,4
2856,マリナーズ,アストロズ,0,7
2857,マリナーズ,アストロズ,9,0
2858,ナショナルズ,カージナルス,5,4
2859,エンゼルス,アストロズ,3,11
2860,ブリュワーズ,カージナルス,2,5
2861,エンゼルス,アストロズ,5,10
2862,ブリュワーズ,カージナルス,2,7
2863,エンゼルス,アストロズ,2,6
2864,ブリュワーズ,カージナルス,2,1
2865,パイレーツ,カージナルス,2,5
2866,パイレーツ,カージナルス,2,0
2867,パイレーツ,カージナルス,0,5
2868,レッズ,カージナルス,5,12
2869,レッズ,カージナルス,4,0
2870,レッズ,カージナルス,6,4
2871,ドジャース,ロッキーズ,12,4
2872,パイレーツ,カージナルス,7,8
2873,パイレーツ,カージナルス,5,11
2874,パイレーツ,カージナルス,4,3
2875,ドジャース,カージナルス,9,7
2876,ドジャース,カージナルス,3,0
2877,ドジャース,カージナルス,17,4
2878,ドジャース,カージナルス,0,5
2879,ジャイアンツ,カージナルス,3,5
2880,ジャイアンツ,カージナルス,4,5
2881,メッツ,ロッキーズ,12,2
2882,ジャイアンツ,カージナルス,2,9
2883,ブリュワーズ,カージナルス,6,4
2884,メッツ,ロッキーズ,8,10
2885,ブリュワーズ,カージナルス,12,4
2886,ブリュワーズ,カージナルス,2,1
2887,メッツ,ロッキーズ,4,6
2888,マーリンズ,ロッキーズ,3,11
2889,マーリンズ,ロッキーズ,6,2
2890,マーリンズ,ロッキーズ,8,5
2891,ジャイアンツ,ロッキーズ,2,5
2892,ジャイアンツ,ロッキーズ,1,8
2893,ジャイアンツ,ロッキーズ,0,1
2894,インディアンス,マリナーズ,1,2
2895,Dバックス,ロッキーズ,2,19
2896,Dバックス,ロッキーズ,1,5
2897,インディアンス,マリナーズ,6,5
2898,マリナーズ,ロッキーズ,7,10
2899,インディアンス,マリナーズ,4,5
2900,アスレチックス,マリナーズ,4,7
2901,マリナーズ,ロッキーズ,1,4
2902,アスレチックス,マリナーズ,8,10
2903,アスレチックス,マリナーズ,2,1
2904,マリナーズ,ロッキーズ,3,4
2905,アストロズ,マリナーズ,1,2
2906,アストロズ,マリナーズ,9,2
2907,アストロズ,ロッキーズ,8,2
2908,アスレチックス,マリナーズ,3,6
2909,アストロズ,ロッキーズ,2,3
2910,アスレチックス,ロッキーズ,1,3
2911,アスレチックス,ロッキーズ,1,4
2912,マリナーズ,オリオールズ,5,3
2913,アスレチックス,ロッキーズ,2,3
2914,マリナーズ,オリオールズ,3,2
2915,パイレーツ,ロッキーズ,0,2
2916,マリナーズ,オリオールズ,4,2
2917,タイガース,マリナーズ,4,5
2918,パイレーツ,ロッキーズ,10,2
2919,エンゼルス,オリオールズ,7,1
2920,タイガース,マリナーズ,2,3
2921,エンゼルス,オリオールズ,6,2
2922,エンゼルス,オリオールズ,2,8
2923,ヤンキース,オリオールズ,4,5
2924,ヤンキース,オリオールズ,5,6
2925,ヤンキース,オリオールズ,9,0
2926,ドジャース,ロッキーズ,4,5
2927,ドジャース,ロッキーズ,2,3
2928,ドジャース,ロッキーズ,3,4
2929,Wソックス,ロイヤルズ,14,7
2930,パドレス,ロッキーズ,4,3
2931,Wソックス,ロイヤルズ,4,3
2932,パドレス,ロッキーズ,2,6
2933,パドレス,ロッキーズ,3,4
2934,レイズ,マリナーズ,1,3
2935,マリナーズ,ロイヤルズ,0,10
2936,カージナルス,ロッキーズ,7,5
2937,マリナーズ,ロイヤルズ,4,2
2938,エンゼルス,マリナーズ,3,5
2939,Rソックス,オリオールズ,5,3
2940,エンゼルス,ロイヤルズ,7,1
2941,カージナルス,ロッキーズ,1,9
2942,エンゼルス,マリナーズ,3,6
2943,Rソックス,オリオールズ,6,7
2944,エンゼルス,ロイヤルズ,5,4
2945,エンゼルス,ロイヤルズ,5,3
2946,エンゼルス,マリナーズ,6,8
2947,カージナルス,ロッキーズ,12,3
2948,レイズ,オリオールズ,4,3
2949,ブリュワーズ,ロイヤルズ,5,2
2950,ブリュワーズ,ロイヤルズ,6,2
2951,レイズ,オリオールズ,5,15
2952,Wソックス,ロイヤルズ,6,3
2953,レイズ,オリオールズ,2,11
2954,Wソックス,ロイヤルズ,7,4
2955,ジャイアンツ,ロッキーズ,8,9
2956,レイズ,オリオールズ,5,11
2957,タイガース,ロイヤルズ,6,10
2958,ロイヤルズ,マリナーズ,1,4
2959,ジャイアンツ,ロッキーズ,2,6
2960,Rソックス,オリオールズ,19,12
2961,Rソックス,オリオールズ,6,4
2962,ロイヤルズ,マリナーズ,4,6
2963,タイガース,ロイヤルズ,3,2
2964,Rソックス,オリオールズ,4,1
2965,タイガース,ロイヤルズ,2,4
2966,ジャイアンツ,ロッキーズ,3,5
2967,レイズ,ロイヤルズ,2,1
2968,メッツ,オリオールズ,3,6
2969,レイズ,ロイヤルズ,6,5
2970,メッツ,オリオールズ,16,5
2971,レイズ,ロイヤルズ,5,3
2972,ドジャース,ロッキーズ,4,2
2973,ヤンキース,ロイヤルズ,2,5
2974,ヤンキース,オリオールズ,7,5
2975,ロイヤルズ,マリナーズ,0,1
2976,ヤンキース,ロイヤルズ,10,1
2977,ヤンキース,オリオールズ,5,1
2978,エンゼルス,マリナーズ,1,4
2979,ツインズ,ロイヤルズ,1,2
2980,エンゼルス,マリナーズ,7,4
2981,ツインズ,ロイヤルズ,8,11
2982,ロッキーズ,マリナーズ,7,1
2983,Dバックス,ロッキーズ,2,13
2984,アスレチックス,ロイヤルズ,16,0
2985,アスレチックス,ロイヤルズ,4,5
2986,ロッキーズ,マリナーズ,5,1
2987,アスレチックス,ロイヤルズ,5,1
2988,ロッキーズ,マリナーズ,4,6
2989,Dバックス,ロッキーズ,6,3
2990,レッズ,ロイヤルズ,5,1
2991,レッズ,ロイヤルズ,7,0
2992,Dバックス,ロッキーズ,4,5
2993,レンジャーズ,ロイヤルズ,6,3
2994,ジャイアンツ,マリナーズ,4,3
2995,Dバックス,ロッキーズ,3,10
2996,レンジャーズ,ロイヤルズ,4,1
2997,ジャイアンツ,マリナーズ,2,3
2998,フィリーズ,ロッキーズ,1,10
2999,インディアンス,ロイヤルズ,9,3
3000,アストロズ,マリナーズ,0,2
3001,フィリーズ,ロッキーズ,3,10
3002,インディアンス,ロイヤルズ,6,4
3003,インディアンス,ロイヤルズ,3,2
3004,アストロズ,マリナーズ,5,2
3005,フィリーズ,ロッキーズ,0,14
3006,Rソックス,ロイヤルズ,10,5
3007,Rソックス,ロイヤルズ,15,4
3008,アストロズ,マリナーズ,8,3
3009,フィリーズ,ロッキーズ,3,5
3010,ブルージェイズ,マリナーズ,7,3
3011,ブルージェイズ,マリナーズ,7,2
3012,ツインズ,ロイヤルズ,2,4
3013,ナショナルズ,ロッキーズ,2,5
3014,ツインズ,ロイヤルズ,3,5
3015,ブルージェイズ,マリナーズ,3,6
3016,タイガース,ロイヤルズ,5,4
3017,ナショナルズ,ロッキーズ,12,2
3018,ドジャース,マリナーズ,11,1
3019,タイガース,ロイヤルズ,8,4
3020,ナショナルズ,ロッキーズ,0,12
3021,ドジャース,マリナーズ,4,4
3022,カブス,ロイヤルズ,3,1
3023,カブス,ロイヤルズ,5,0
3024,ドジャース,マリナーズ,12,1
3025,カブス,ロイヤルズ,0,9
3026,カージナルス,ロイヤルズ,7,0
3027,アストロズ,マリナーズ,4,7
3028,カージナルス,ロイヤルズ,8,3
3029,カージナルス,ロイヤルズ,8,2
3030,アストロズ,マリナーズ,3,2
3031,ブルージェイズ,ロイヤルズ,1,3
3032,アストロズ,マリナーズ,10,7
3033,ブルージェイズ,ロイヤルズ,6,5
3034,ブルージェイズ,ロイヤルズ,6,5
3035,ブルージェイズ,ロイヤルズ,2,6
3036,ヤンキース,オリオールズ,5,3
3037,インディアンス,ロイヤルズ,4,5
3038,オリオールズ,マリナーズ,1,2
3039,インディアンス,ロイヤルズ,1,7
3040,オリオールズ,マリナーズ,5,3
3041,インディアンス,ロイヤルズ,12,5
3042,タイガース,ロイヤルズ,2,6
3043,オリオールズ,マリナーズ,2,5
3044,タイガース,ロイヤルズ,2,9
3045,オリオールズ,ロイヤルズ,2,9
3046,ヤンキース,マリナーズ,4,0
3047,パドレス,マリナーズ,2,1
3048,パドレス,マリナーズ,5,4
3049,アスレチックス,マリナーズ,7,3
3050,パイレーツ,タイガース,1,0
3051,アスレチックス,マリナーズ,8,10
3052,アスレチックス,マリナーズ,9,3
3053,レンジャーズ,マリナーズ,2,0
3054,ロイヤルズ,タイガース,1,6
3055,レンジャーズ,マリナーズ,6,12
3056,レンジャーズ,マリナーズ,1,4
3057,ロイヤルズ,タイガース,1,0
3058,レンジャーズ,マリナーズ,1,3
3059,ヤンキース,タイガース,8,6
3060,マリナーズ,ジャイアンツ,6,4
3061,オリオールズ,タイガース,2,4
3062,マリナーズ,ジャイアンツ,1,10
3063,オリオールズ,タイガース,8,13
3064,ブルージェイズ,オリオールズ,0,7
3065,ドジャース,ジャイアンツ,5,7
3066,ブルージェイズ,オリオールズ,5,12
3067,ロイヤルズ,タイガース,3,2
3068,ブルージェイズ,オリオールズ,5,10
3069,ドジャース,ジャイアンツ,2,1
3070,Dバックス,ジャイアンツ,2,1
3071,ロイヤルズ,タイガース,4,12
3072,アスレチックス,オリオールズ,3,2
3073,アスレチックス,オリオールズ,10,0
3074,ロイヤルズ,タイガース,8,5
3075,Dバックス,ジャイアンツ,7,3
3076,アスレチックス,オリオールズ,3,5
3077,レイズ,タイガース,1,2
3078,ドジャース,ジャイアンツ,4,6
3079,カージナルス,ブリュワーズ,8,4
3080,オリオールズ,ロイヤルズ,4,5
3081,マリナーズ,タイガース,3,4
3082,オリオールズ,ロイヤルズ,1,9
3083,マリナーズ,タイガース,4,5
3084,カージナルス,ブリュワーズ,4,5
3085,Wソックス,ロイヤルズ,3,3
3086,Wソックス,ロイヤルズ,3,6
3087,カージナルス,ブリュワーズ,6,0
3088,Wソックス,ロイヤルズ,4,2
3089,インディアンス,タイガース,3,6
3090,ツインズ,ロイヤルズ,4,6
3091,ツインズ,ロイヤルズ,4,8
3092,Wソックス,オリオールズ,8,6
3093,ツインズ,ロイヤルズ,3,10
3094,Wソックス,オリオールズ,2,0
3095,インディアンス,タイガース,8,9
3096,ツインズ,ロイヤルズ,9,6
3097,Wソックス,オリオールズ,4,8
3098,パドレス,ジャイアンツ,3,2
3099,インディアンス,ロイヤルズ,1,2
3100,ブルージェイズ,オリオールズ,5,0
3101,インディアンス,ロイヤルズ,14,6
3102,インディアンス,タイガース,6,0
3103,インディアンス,ロイヤルズ,4,9
3104,ブルージェイズ,オリオールズ,6,4
3105,インディアンス,ロイヤルズ,2,1
3106,ブルージェイズ,オリオールズ,1,2
3107,レッズ,ジャイアンツ,7,10
3108,Wソックス,タイガース,4,5
3109,カブス,ブリュワーズ,5,2
3110,アストロズ,オリオールズ,2,1
3111,カブス,ブリュワーズ,3,0
3112,アストロズ,オリオールズ,4,3
3113,Wソックス,タイガース,2,3
3114,レッズ,ブリュワーズ,10,4
3115,ロッキーズ,ジャイアンツ,6,1
3116,アストロズ,オリオールズ,0,4
3117,エンゼルス,タイガース,3,9
3118,ロッキーズ,ジャイアンツ,5,9
3119,エンゼルス,タイガース,9,2
3120,エンゼルス,タイガース,1,6
3121,マーリンズ,ブリュワーズ,3,12
3122,エンゼルス,タイガース,2,6
3123,ブルージェイズ,タイガース,2,5
3124,フィリーズ,ジャイアンツ,0,2
3125,マーリンズ,ブリュワーズ,2,4
3126,ブルージェイズ,タイガース,4,7
3127,Dバックス,ジャイアンツ,3,10
3128,ブルージェイズ,タイガース,8,4
3129,インディアンス,タイガース,4,1
3130,マーリンズ,ジャイアンツ,5,4
3131,インディアンス,ブリュワーズ,2,3
3132,インディアンス,タイガース,2,4
3133,マーリンズ,ジャイアンツ,3,6
3134,インディアンス,ブリュワーズ,6,2
3135,Dバックス,ブリュワーズ,2,4
3136,インディアンス,タイガース,9,2
3137,パドレス,ジャイアンツ,0,3
3138,ツインズ,タイガース,6,4
3139,パドレス,ジャイアンツ,6,2
3140,Dバックス,ブリュワーズ,2,9
3141,パドレス,ジャイアンツ,3,5
3142,パドレス,ジャイアンツ,2,3
3143,ツインズ,タイガース,2,5
3144,ロッキーズ,ジャイアンツ,2,3
3145,ロッキーズ,ジャイアンツ,9,8
3146,アスレチックス,タイガース,5,4
3147,アスレチックス,タイガース,9,7
3148,カージナルス,ジャイアンツ,2,3
3149,カージナルス,ジャイアンツ,3,2
3150,アスレチックス,タイガース,4,2
3151,カブス,ブリュワーズ,7,2
3152,カブス,ブリュワーズ,0,1
3153,レンジャーズ,タイガース,1,3
3154,カブス,ジャイアンツ,4,5
3155,レンジャーズ,タイガース,2,7
3156,アスレチックス,ジャイアンツ,6,2
3157,ブリュワーズ,ジャイアンツ,7,5
3158,Rソックス,タイガース,0,5
3159,インディアンス,エンゼルス,6,0
3160,Rソックス,タイガース,9,1
3161,アストロズ,ジャイアンツ,3,1
3162,アストロズ,ジャイアンツ,2,1
3163,インディアンス,タイガース,1,2
3164,パイレーツ,ジャイアンツ,10,13
3165,インディアンス,タイガース,8,1
3166,パイレーツ,ジャイアンツ,4,0
3167,パイレーツ,ジャイアンツ,3,4
3168,レッズ,タイガース,1,2
3169,レンジャーズ,ジャイアンツ,7,6
3170,レンジャーズ,ジャイアンツ,3,5
3171,レンジャーズ,ジャイアンツ,1,3
3172,レッズ,タイガース,4,7
3173,Dバックス,ジャイアンツ,0,2
3174,Dバックス,ジャイアンツ,0,1
3175,ツインズ,タイガース,3,5
3176,Dバックス,ジャイアンツ,3,1
3177,ツインズ,タイガース,4,3
3178,メッツ,ジャイアンツ,0,7
3179,ツインズ,タイガース,2,4
3180,Wソックス,タイガース,5,9
3181,Wソックス,タイガース,6,3
3182,メッツ,ジャイアンツ,2,1
3183,メッツ,ジャイアンツ,4,1
3184,Wソックス,タイガース,6,5
3185,ブレーブス,ジャイアンツ,4,1
3186,カブス,タイガース,1,2
3187,ブレーブス,ジャイアンツ,4,1
3188,カブス,タイガース,8,2
3189,ブレーブス,ジャイアンツ,2,1
3190,ロッキーズ,ジャイアンツ,0,2
3191,Wソックス,タイガース,2,7
3192,ロッキーズ,ジャイアンツ,0,3
3193,ロッキーズ,ジャイアンツ,3,2
3194,Wソックス,タイガース,6,3
3195,パドレス,ジャイアンツ,5,0
3196,パドレス,ジャイアンツ,4,5
3197,Wソックス,タイガース,6,1
3198,パドレス,ジャイアンツ,3,2
3199,ドジャース,ジャイアンツ,3,1
3200,Wソックス,タイガース,7,2
3201,ドジャース,ジャイアンツ,10,6
3202,カージナルス,タイガース,3,5
3203,ドジャース,ジャイアンツ,15,0
3204,カージナルス,タイガース,5,2
3205,アストロズ,タイガース,3,2
3206,アストロズ,タイガース,5,4
3207,アストロズ,タイガース,5,4
3208,ツインズ,タイガース,6,1
3209,ツインズ,タイガース,5,3
3210,ツインズ,タイガース,8,2
3211,ロイヤルズ,タイガース,8,11
3212,ロイヤルズ,タイガース,4,3
3213,ブリュワーズ,パドレス,2,1
3214,ジャイアンツ,ドジャース,1,0
3215,ロイヤルズ,タイガース,4,5
3216,ブリュワーズ,パドレス,8,6
3217,ロイヤルズ,タイガース,3,2
3218,ジャイアンツ,ドジャース,1,0
3219,ブリュワーズ,パドレス,7,3
3220,カージナルス,ブリュワーズ,3,11
3221,カージナルス,ブリュワーズ,1,2
3222,ジャイアンツ,ドジャース,0,5
3223,ロッキーズ,パドレス,7,4
3224,カージナルス,ブリュワーズ,3,2
3225,ロッキーズ,パドレス,4,8
3226,カージナルス,ブリュワーズ,8,2
3227,ロッキーズ,パドレス,5,2
3228,レンジャーズ,エンゼルス,5,2
3229,ロイヤルズ,ブリュワーズ,1,5
3230,ジャイアンツ,ドジャース,0,9
3231,ロイヤルズ,ブリュワーズ,5,4
3232,ジャイアンツ,パドレス,7,0
3233,レンジャーズ,エンゼルス,0,1
3234,アスレチックス,ドジャース,0,4
3235,ジャイアンツ,パドレス,1,5
3236,ツインズ,ブリュワーズ,5,6
3237,レンジャーズ,エンゼルス,1,8
3238,ジャイアンツ,パドレス,4,5
3239,ツインズ,ブリュワーズ,0,2
3240,アスレチックス,ドジャース,16,6
3241,ジャイアンツ,パドレス,1,10
3242,マリナーズ,エンゼルス,8,2
3243,ツインズ,ブリュワーズ,2,3
3244,ドジャース,パドレス,10,3
3245,マリナーズ,エンゼルス,5,0
3246,Dバックス,ドジャース,8,7
3247,マリナーズ,エンゼルス,6,5
3248,ブレーブス,ブリュワーズ,4,5
3249,マリナーズ,エンゼルス,3,4
3250,ブレーブス,ブリュワーズ,5,1
3251,Dバックス,ドジャース,9,1
3252,メッツ,パドレス,5,1
3253,レンジャーズ,エンゼルス,4,5
3254,レンジャーズ,エンゼルス,1,4
3255,レンジャーズ,エンゼルス,2,3
3256,アスレチックス,エンゼルス,5,8
3257,アスレチックス,エンゼルス,5,2
3258,アスレチックス,エンゼルス,4,5
3259,タイガース,エンゼルス,2,6
3260,タイガース,エンゼルス,5,11
3261,アスレチックス,エンゼルス,3,4
3262,アスレチックス,エンゼルス,7,0
3263,アスレチックス,エンゼルス,8,7
3264,アストロズ,エンゼルス,9,3
3265,カージナルス,パドレス,2,1
3266,アストロズ,エンゼルス,8,3
3267,カージナルス,パドレス,9,5
3268,ナショナルズ,ブリュワーズ,1,6
3269,カージナルス,パドレス,1,2
3270,アストロズ,エンゼルス,3,1
3271,ナショナルズ,ブリュワーズ,7,3
3272,レイズ,ヤンキース,2,7
3273,ロッキーズ,パドレス,6,4
3274,ロッキーズ,エンゼルス,7,10
3275,ロッキーズ,ブリュワーズ,3,5
3276,ロッキーズ,エンゼルス,3,2
3277,オリオールズ,ヤンキース,3,8
3278,カージナルス,メッツ,4,9
3279,オリオールズ,ヤンキース,8,7
3280,ロッキーズ,ブリュワーズ,5,4
3281,ドジャース,エンゼルス,2,2
3282,パドレス,ブリュワーズ,11,5
3283,ドジャース,エンゼルス,3,1
3284,ドジャース,エンゼルス,3,4
3285,レッズ,ブリュワーズ,2,5
3286,レッズ,ブリュワーズ,9,7
3287,マリナーズ,エンゼルス,3,0
3288,レッズ,ブリュワーズ,0,4
3289,パイレーツ,ブリュワーズ,6,7
3290,マリナーズ,エンゼルス,2,11
3291,レッズ,パドレス,2,8
3292,パイレーツ,ブリュワーズ,9,1
3293,アストロズ,エンゼルス,7,0
3294,ブレーブス,パドレス,4,11
3295,パイレーツ,ブリュワーズ,4,7
3296,カブス,ブリュワーズ,3,4
3297,Wソックス,エンゼルス,5,3
3298,カージナルス,メッツ,2,6
3299,カブス,ブリュワーズ,1,11
3300,アスレチックス,パドレス,4,2
3301,Dバックス,ドジャース,2,7
3302,アスレチックス,パドレス,12,4
3303,カブス,ブリュワーズ,6,4
3304,パイレーツ,パドレス,6,3
3305,Wソックス,エンゼルス,3,11
3306,パイレーツ,パドレス,3,4
3307,Wソックス,エンゼルス,8,12
3308,ジャイアンツ,ブリュワーズ,2,4
3309,マーリンズ,ヤンキース,1,12
3310,マーリンズ,ヤンキース,9,1
3311,パイレーツ,パドレス,7,5
3312,ブルージェイズ,ヤンキース,3,4
3313,ブルージェイズ,ヤンキース,8,5
3314,ナショナルズ,ドジャース,3,4
3315,ブルージェイズ,ヤンキース,1,9
3316,パイレーツ,ブリュワーズ,4,7
3317,ブルージェイズ,ヤンキース,1,5
3318,ドジャース,パドレス,4,2
3319,パイレーツ,ブリュワーズ,3,1
3320,カージナルス,メッツ,5,1
3321,ツインズ,ヤンキース,1,14
3322,ドジャース,パドレス,3,2
3323,パイレーツ,ブリュワーズ,3,2
3324,ツインズ,ヤンキース,3,8
3325,レンジャーズ,エンゼルス,3,2
3326,レッズ,ブリュワーズ,0,8
3327,ツインズ,ヤンキース,4,7
3328,レッズ,ブリュワーズ,3,1
3329,フィリーズ,メッツ,0,2
3330,レッズ,ブリュワーズ,0,7
3331,ロイヤルズ,エンゼルス,6,9
3332,タイガース,ブリュワーズ,5,6
3333,フィリーズ,メッツ,2,4
3334,タイガース,ブリュワーズ,5,6
3335,タイガース,ブリュワーズ,0,11
3336,ジャイアンツ,パドレス,5,3
3337,Dバックス,エンゼルス,7,4
3338,ジャイアンツ,パドレス,3,2
3339,ブリュワーズ,メッツ,5,6
3340,Dバックス,エンゼルス,4,5
3341,ブルージェイズ,エンゼルス,5,8
3342,ブリュワーズ,メッツ,5,1
3343,ツインズ,ヤンキース,3,4
3344,ブルージェイズ,エンゼルス,1,2
3345,フィリーズ,パドレス,0,2
3346,フィリーズ,パドレス,5,1
3347,ブリュワーズ,メッツ,2,3
3348,インディアンス,ヤンキース,6,7
3349,ブルージェイズ,エンゼルス,4,1
3350,フィリーズ,パドレス,3,9
3351,レッズ,ドジャース,4,1
3352,インディアンス,ヤンキース,2,5
3353,エンゼルス,パドレス,6,3
3354,インディアンス,ヤンキース,4,7
3355,ブルージェイズ,エンゼルス,7,6
3356,レッズ,ドジャース,6,2
3357,ナショナルズ,メッツ,8,6
3358,エンゼルス,パドレス,7,3
3359,Rソックス,ヤンキース,2,3
3360,オリオールズ,エンゼルス,2,3
3361,エンゼルス,パドレス,3,2
3362,レッズ,ドジャース,5,3
3363,Rソックス,ヤンキース,5,4
3364,Dバックス,パドレス,5,1
3365,ツインズ,エンゼルス,4,7
3366,ブレーブス,メッツ,3,2
3367,ロッキーズ,ドジャース,2,1
3368,マリナーズ,ツインズ,11,4
3369,ツインズ,エンゼルス,5,4
3370,Dバックス,パドレス,9,4
3371,Dバックス,パドレス,6,7
3372,ツインズ,エンゼルス,5,3
3373,アストロズ,ツインズ,2,0
3374,ロッキーズ,ドジャース,0,3
3375,Dバックス,パドレス,4,3
3376,マリナーズ,パドレス,1,2
3377,マリナーズ,パドレス,3,8
3378,アストロズ,エンゼルス,1,2
3379,アストロズ,ツインズ,8,9
3380,ロッキーズ,パドレス,2,3
3381,ロッキーズ,パドレス,0,7
3382,アストロズ,エンゼルス,5,3
3383,Wソックス,ツインズ,0,4
3384,レイズ,エンゼルス,8,3
3385,ロッキーズ,パドレス,4,2
3386,ロッキーズ,パドレス,7,3
3387,レンジャーズ,パドレス,4,0
3388,レイズ,エンゼルス,2,5
3389,レンジャーズ,パドレス,6,3
3390,レンジャーズ,パドレス,3,7
3391,ジャイアンツ,パドレス,4,2
3392,ジャイアンツ,パドレス,5,4
3393,ブルージェイズ,メッツ,2,12
3394,ジャイアンツ,パドレス,4,8
3395,Dバックス,パドレス,2,3
3396,ブルージェイズ,メッツ,12,1
3397,Dバックス,パドレス,5,4
3398,Dバックス,パドレス,3,4
3399,Dバックス,メッツ,1,3
3400,インディアンス,エンゼルス,2,13
3401,インディアンス,エンゼルス,2,3
3402,アスレチックス,エンゼルス,7,3
3403,ツインズ,パイレーツ,4,5
3404,アスレチックス,エンゼルス,1,6
3405,ツインズ,パイレーツ,7,3
3406,Dバックス,メッツ,1,4
3407,マーリンズ,メッツ,0,2
3408,レッズ,パイレーツ,7,4
3409,Rソックス,エンゼルス,8,2
3410,レッズ,パイレーツ,0,5
3411,ジャイアンツ,エンゼルス,8,1
3412,ロッキーズ,パイレーツ,6,2
3413,レッズ,ツインズ,15,9
3414,マーリンズ,メッツ,2,1
3415,レッズ,ツインズ,1,3
3416,レンジャーズ,ドジャース,5,12
3417,ジャイアンツ,エンゼルス,3,4
3418,レッズ,ツインズ,8,2
3419,レンジャーズ,ドジャース,2,3
3420,ジャイアンツ,エンゼルス,4,2
3421,タイガース,パイレーツ,13,10
3422,タイガース,パイレーツ,0,1
3423,ヤンキース,エンゼルス,4,3
3424,ブルージェイズ,ツインズ,7,4
3425,カージナルス,パイレーツ,5,6
3426,カージナルス,ツインズ,1,4
3427,カブス,メッツ,7,1
3428,カージナルス,ツインズ,7,5
3429,オリオールズ,メッツ,2,1
3430,オリオールズ,メッツ,1,0
3431,カブス,ドジャース,1,2
3432,ヤンキース,メッツ,4,1
3433,カブス,ドジャース,9,4
3434,ジャイアンツ,パイレーツ,2,11
3435,ヤンキース,メッツ,4,3
3436,カブス,ドジャース,11,5
3437,ヤンキース,メッツ,0,2
3438,ジャイアンツ,パイレーツ,5,6
3439,ロッキーズ,ドジャース,3,1
3440,ブリュワーズ,ツインズ,8,3
3441,ドジャース,メッツ,5,2
3442,ロッキーズ,ドジャース,3,1
3443,Wソックス,パイレーツ,0,7
3444,ブリュワーズ,ツインズ,5,4
3445,Wソックス,パイレーツ,2,3
3446,ブリュワーズ,ツインズ,1,3
3447,ドジャース,メッツ,8,3
3448,タイガース,ツインズ,2,4
3449,パドレス,パイレーツ,3,2
3450,ドジャース,メッツ,8,7
3451,タイガース,ツインズ,4,1
3452,パドレス,パイレーツ,8,5
3453,インディアンス,ツインズ,9,8
3454,パイレーツ,メッツ,6,4
3455,アスレチックス,ヤンキース,10,5
3456,インディアンス,ツインズ,4,7
3457,パイレーツ,メッツ,3,4
3458,アスレチックス,ヤンキース,6,7
3459,アスレチックス,ヤンキース,2,6
3460,エンゼルス,ヤンキース,1,2
3461,ロッキーズ,ドジャース,4,6
3462,インディアンス,ツインズ,1,7
3463,パイレーツ,ドジャース,1,17
3464,エンゼルス,ヤンキース,1,3
3465,インディアンス,ツインズ,5,7
3466,レイズ,メッツ,1,5
3467,アストロズ,ヤンキース,5,1
3468,Wソックス,ツインズ,2,4
3469,パイレーツ,ドジャース,3,8
3470,レイズ,メッツ,3,0
3471,アストロズ,ヤンキース,5,6
3472,Wソックス,ツインズ,2,7
3473,アストロズ,ヤンキース,3,5
3474,パイレーツ,ドジャース,4,6
3475,レイズ,メッツ,9,0
3476,エンゼルス,ツインズ,4,2
3477,エンゼルス,ツインズ,2,1
3478,エンゼルス,ツインズ,5,7
3479,エンゼルス,ドジャース,2,3
3480,Rソックス,ツインズ,2,6
3481,Rソックス,ツインズ,1,4
3482,エンゼルス,ドジャース,5,4
3483,Rソックス,ツインズ,9,2
3484,レンジャーズ,ツインズ,8,1
3485,フィリーズ,メッツ,0,3
3486,エンゼルス,ドジャース,3,5
3487,レンジャーズ,ツインズ,9,6
3488,ナショナルズ,ヤンキース,0,3
3489,ナショナルズ,メッツ,5,4
3490,ナショナルズ,ヤンキース,5,4
3491,レンジャーズ,ツインズ,0,2
3492,ブリュワーズ,ドジャース,5,2
3493,ブリュワーズ,ドジャース,1,0
3494,ブリュワーズ,ドジャース,4,6
3495,マリナーズ,ヤンキース,2,7
3496,マリナーズ,ヤンキース,5,7
3497,ブリュワーズ,ドジャース,5,21
3498,ブリュワーズ,パイレーツ,0,1
3499,マリナーズ,ヤンキース,3,4
3500,ブリュワーズ,パイレーツ,3,2
3501,アストロズ,ドジャース,2,1
3502,Rソックス,ヤンキース,1,8
3503,Rソックス,ヤンキース,11,0
3504,アストロズ,ドジャース,14,0
3505,パドレス,メッツ,3,2
3506,Dバックス,パイレーツ,9,3
3507,アストロズ,ドジャース,2,3
3508,Rソックス,ヤンキース,1,11
3509,ブレーブス,ヤンキース,5,3
3510,ジャイアンツ,ドジャース,5,2
3511,ブレーブス,ヤンキース,5,8
3512,パドレス,メッツ,4,6
3513,ブレーブス,ヤンキース,2,6
3514,Dバックス,パイレーツ,2,1
3515,ジャイアンツ,ドジャース,2,1
3516,Dバックス,パイレーツ,7,2
3517,メッツ,ヤンキース,7,5
3518,Dバックス,パイレーツ,3,0
3519,ジャイアンツ,ドジャース,3,4
3520,オリオールズ,ツインズ,2,6
3521,メッツ,ヤンキース,6,7
3522,オリオールズ,ツインズ,4,5
3523,カージナルス,ドジャース,5,3
3524,ロイヤルズ,ヤンキース,2,7
3525,カージナルス,ドジャース,5,2
3526,フィリーズ,パイレーツ,17,5
3527,ロイヤルズ,ヤンキース,10,5
3528,カージナルス,ドジャース,3,1
3529,フィリーズ,パイレーツ,3,2
3530,ロイヤルズ,ヤンキース,3,6
3531,パドレス,ドジャース,1,11
3532,オリオールズ,ヤンキース,3,6
3533,ロイヤルズ,ツインズ,5,8
3534,パドレス,ドジャース,4,5
3535,オリオールズ,ヤンキース,7,5
3536,レイズ,ツインズ,1,5
3537,ナショナルズ,パイレーツ,0,2
3538,パドレス,ドジャース,3,7
3539,ブリュワーズ,パイレーツ,3,6
3540,レンジャーズ,ヤンキース,12,7
3541,Dバックス,ドジャース,3,1
3542,レンジャーズ,ヤンキース,3,5
3543,Dバックス,ドジャース,2,3
3544,レンジャーズ,ヤンキース,2,7
3545,ブレーブス,メッツ,4,2
3546,インディアンス,ツインズ,4,5
3547,レイズ,ヤンキース,1,4
3548,ブレーブス,メッツ,2,1
3549,インディアンス,ツインズ,6,2
3550,メッツ,パイレーツ,12,6
3551,レイズ,ヤンキース,6,1
3552,Dバックス,ドジャース,2,3
3553,レイズ,ヤンキース,3,1
3554,Dバックス,ドジャース,2,3
3555,ブルージェイズ,ヤンキース,5,7
3556,インディアンス,ツインズ,2,0
3557,ブレーブス,メッツ,5,4
3558,ブルージェイズ,ヤンキース,6,11
3559,ロイヤルズ,ツインズ,4,6
3560,メッツ,ドジャース,4,2
3561,ブルージェイズ,ヤンキース,2,10
3562,レッズ,メッツ,4,6
3563,ロイヤルズ,ツインズ,2,8
3564,Wソックス,ヤンキース,6,2
3565,メッツ,ドジャース,4,11
3566,ロイヤルズ,ツインズ,5,6
3567,カブス,パイレーツ,4,5
3568,Wソックス,ヤンキース,4,5
3569,レッズ,メッツ,6,1
3570,メッツ,ドジャース,7,3
3571,Wソックス,ヤンキース,4,1
3572,パイレーツ,ツインズ,2,5
3573,タイガース,ヤンキース,8,7
3574,パイレーツ,ツインズ,4,6
3575,タイガース,ヤンキース,5,7
3576,ジャイアンツ,メッツ,2,1
3577,タイガース,ツインズ,8,15
3578,タイガース,ヤンキース,1,2
3579,タイガース,ツインズ,4,5
3580,ロッキーズ,ドジャース,2,8
3581,ジャイアンツ,メッツ,3,6
3582,タイガース,ヤンキース,11,7
3583,カブス,パイレーツ,9,2
3584,タイガース,ツインズ,7,5
3585,ジャイアンツ,メッツ,3,5
3586,カージナルス,パイレーツ,6,7
3587,ロッキーズ,ドジャース,2,3
3588,タイガース,ツインズ,4,5
3589,ブルージェイズ,ヤンキース,0,11
3590,ジャイアンツ,メッツ,3,1
3591,ブルージェイズ,ヤンキース,8,7
3592,ロッキーズ,ドジャース,2,5
3593,カージナルス,パイレーツ,2,1
3594,アスレチックス,ツインズ,4,6
3595,ブルージェイズ,ヤンキース,3,2
3596,カブス,パイレーツ,1,0
3597,アスレチックス,ツインズ,7,1
3598,パドレス,ドジャース,5,3
3599,Rソックス,ヤンキース,2,3
3600,ナショナルズ,メッツ,0,3
3601,カブス,パイレーツ,1,0
3602,アスレチックス,ツインズ,6,2
3603,Rソックス,ヤンキース,1,10
3604,パドレス,ドジャース,2,7
3605,アスレチックス,ツインズ,6,2
3606,カブス,パイレーツ,1,3
3607,ナショナルズ,メッツ,0,3
3608,Rソックス,ヤンキース,11,6
3609,パドレス,ドジャース,0,14
3610,オリオールズ,ヤンキース,8,10
3611,カブス,パイレーツ,1,2
3612,オリオールズ,ヤンキース,2,3
3613,ロイヤルズ,ツインズ,6,10
3614,ブレーブス,パイレーツ,1,0
3615,ナショナルズ,メッツ,15,0
3616,オリオールズ,ヤンキース,6,3
3617,ブレーブス,パイレーツ,6,1
3618,ブレーブス,パイレーツ,2,1
3619,ヤンキース,ツインズ,7,2
3620,フィリーズ,メッツ,4,3
3621,ヤンキース,ツインズ,5,10
3622,ヤンキース,ツインズ,1,3
3623,タイガース,ツインズ,4,2
3624,レッズ,パイレーツ,1,5
3625,タイガース,ツインズ,4,11
3626,レッズ,パイレーツ,3,7
3627,レッズ,パイレーツ,2,3
3628,タイガース,ツインズ,3,9
3629,マーリンズ,パイレーツ,3,5
3630,マーリンズ,メッツ,5,3
3631,Wソックス,ツインズ,4,12
3632,マーリンズ,メッツ,0,13
3633,Wソックス,ツインズ,3,8
3634,マーリンズ,メッツ,3,4
3635,Wソックス,ツインズ,4,5
3636,ロイヤルズ,パイレーツ,6,7
3637,ロイヤルズ,パイレーツ,1,2
3638,ブレーブス,メッツ,7,3
3639,ロイヤルズ,パイレーツ,1,2
3640,ブレーブス,メッツ,0,3
3641,ブリュワーズ,パイレーツ,8,3
3642,ブリュワーズ,パイレーツ,0,3
3643,ブレーブス,メッツ,1,4
3644,ブリュワーズ,パイレーツ,13,6
3645,マーリンズ,メッツ,8,1
3646,マーリンズ,メッツ,0,1
3647,マーリンズ,メッツ,0,1
3648,マーリンズ,フィリーズ,1,20
3649,マーリンズ,フィリーズ,6,3
3650,レッズ,フィリーズ,5,6
3651,カブス,マーリンズ,8,4
3652,カブス,マーリンズ,1,2
3653,カブス,マーリンズ,10,6
3654,カブス,マーリンズ,0,6
3655,Rソックス,マーリンズ,7,3
3656,Rソックス,マーリンズ,4,2
3657,メッツ,マーリンズ,4,2
3658,メッツ,マーリンズ,4,1
3659,パイレーツ,マーリンズ,2,7
3660,パイレーツ,マーリンズ,1,0
3661,パイレーツ,マーリンズ,7,3
3662,ロッキーズ,マーリンズ,1,0
3663,フィリーズ,マーリンズ,1,2
3664,ブレーブス,マーリンズ,9,2
3665,ブレーブス,マーリンズ,3,6
3666,レッズ,フィリーズ,3,4
3667,ブレーブス,マーリンズ,10,5
3668,パイレーツ,フィリーズ,0,7
3669,パイレーツ,フィリーズ,2,3
3670,Dバックス,フィリーズ,8,2
3671,ブレーブス,フィリーズ,3,7
3672,エンゼルス,アスレチックス,5,6
3673,エンゼルス,アスレチックス,2,1
3674,エンゼルス,アスレチックス,8,3
3675,エンゼルス,アスレチックス,7,4
3676,レンジャーズ,アスレチックス,1,3
3677,パドレス,マーリンズ,0,4
3678,レンジャーズ,アスレチックス,4,1
3679,レンジャーズ,アスレチックス,2,6
3680,ジャイアンツ,マーリンズ,5,7
3681,Wソックス,アスレチックス,1,8
3682,ジャイアンツ,マーリンズ,1,3
3683,ジャイアンツ,マーリンズ,4,5
3684,Rソックス,アスレチックス,1,4
3685,Dバックス,マーリンズ,5,9
3686,ジャイアンツ,フィリーズ,3,6
3687,メッツ,フィリーズ,3,1
3688,Dバックス,マーリンズ,5,3
3689,Dバックス,マーリンズ,4,0
3690,メッツ,マーリンズ,2,8
3691,メッツ,マーリンズ,2,5
3692,マリナーズ,アスレチックス,1,0
3693,マリナーズ,アスレチックス,3,4
3694,Dバックス,アスレチックス,7,1
3695,ブレーブス,フィリーズ,0,3
3696,Dバックス,アスレチックス,0,3
3697,Dバックス,アスレチックス,1,2
3698,レイズ,アスレチックス,1,0
3699,レイズ,アスレチックス,4,3
3700,ブレーブス,フィリーズ,0,4
3701,レイズ,アスレチックス,6,0
3702,ブルージェイズ,フィリーズ,6,5
3703,レイズ,アスレチックス,3,7
3704,ブルージェイズ,フィリーズ,1,2
3705,ロイヤルズ,アスレチックス,2,7
3706,ロイヤルズ,アスレチックス,2,0
3707,ブルージェイズ,フィリーズ,5,3
3708,アストロズ,アスレチックス,6,3
3709,アストロズ,アスレチックス,13,5
3710,ブリュワーズ,フィリーズ,12,4
3711,インディアンス,アスレチックス,1,3
3712,メッツ,マーリンズ,5,2
3713,インディアンス,アスレチックス,2,7
3714,レイズ,マーリンズ,2,3
3715,レイズ,マーリンズ,9,6
3716,ロッキーズ,フィリーズ,4,5
3717,インディアンス,アスレチックス,15,3
3718,レイズ,マーリンズ,0,3
3719,ロッキーズ,フィリーズ,7,2
3720,パドレス,アスレチックス,2,6
3721,パドレス,アスレチックス,2,4
3722,ブリュワーズ,マーリンズ,4,5
3723,カージナルス,フィリーズ,5,6
3724,カージナルス,フィリーズ,7,6
3725,ブレーブス,マーリンズ,12,1
3726,ヤンキース,フィリーズ,4,2
3727,ジャイアンツ,アスレチックス,3,4
3728,ナショナルズ,マーリンズ,10,3
3729,ヤンキース,フィリーズ,6,0
3730,ジャイアンツ,アスレチックス,5,5
3731,ブルージェイズ,アスレチックス,1,10
3732,ヤンキース,フィリーズ,0,3
3733,ブルージェイズ,アスレチックス,2,6
3734,ナショナルズ,フィリーズ,3,4
3735,ブルージェイズ,アスレチックス,3,8
3736,ナショナルズ,フィリーズ,17,7
3737,タイガース,アスレチックス,0,1
3738,ナショナルズ,フィリーズ,2,3
3739,タイガース,アスレチックス,0,6
3740,ドジャース,アスレチックス,4,2
3741,カージナルス,マーリンズ,1,2
3742,ナショナルズ,フィリーズ,3,4
3743,ドジャース,アスレチックス,2,3
3744,カージナルス,マーリンズ,3,2
3745,オリオールズ,フィリーズ,2,3
3746,マリナーズ,アスレチックス,6,7
3747,マリナーズ,アスレチックス,2,3
3748,マリナーズ,アスレチックス,2,0
3749,オリオールズ,フィリーズ,1,4
3750,アストロズ,アスレチックス,3,4
3751,メッツ,マーリンズ,6,2
3752,アストロズ,アスレチックス,1,7
3753,メッツ,マーリンズ,3,4
3754,アストロズ,アスレチックス,9,4
3755,レンジャーズ,アスレチックス,0,9
3756,メッツ,マーリンズ,4,3
3757,レンジャーズ,アスレチックス,0,6
3758,ヤンキース,マーリンズ,2,1
3759,レンジャーズ,アスレチックス,4,2
3760,ヤンキース,マーリンズ,3,9
3761,マリナーズ,アスレチックス,7,1
3762,ブレーブス,マーリンズ,5,0
3763,マリナーズ,アスレチックス,5,7
3764,ブレーブス,マーリンズ,0,1
3765,マリナーズ,アスレチックス,8,7
3766,ブレーブス,マーリンズ,1,3
3767,ドジャース,フィリーズ,7,6
3768,マリナーズ,アスレチックス,2,8
3769,ヤンキース,アスレチックス,3,6
3770,ブレーブス,マーリンズ,4,0
3771,ヤンキース,アスレチックス,5,1
3772,ブルージェイズ,マーリンズ,6,5
3773,ドジャース,フィリーズ,3,7
3774,ヤンキース,アスレチックス,2,8
3775,レンジャーズ,アスレチックス,4,8
3776,マーリンズ,フィリーズ,2,5
3777,ブルージェイズ,マーリンズ,3,6
3778,マーリンズ,フィリーズ,1,5
3779,エンゼルス,アスレチックス,9,7
3780,ブルージェイズ,マーリンズ,6,1
3781,エンゼルス,アスレチックス,0,10
3782,エンゼルス,アスレチックス,3,21
3783,フィリーズ,マーリンズ,1,3
3784,ツインズ,アスレチックス,6,7
3785,フィリーズ,マーリンズ,9,4
3786,ツインズ,アスレチックス,2,2
3787,フィリーズ,マーリンズ,1,2
3788,マーリンズ,フィリーズ,3,5
3789,ツインズ,アスレチックス,5,1
3790,ナショナルズ,マーリンズ,5,8
3791,Rソックス,フィリーズ,2,1
3792,ナショナルズ,マーリンズ,4,2
3793,Rソックス,フィリーズ,4,7
3794,メッツ,フィリーズ,24,4
3795,メッツ,フィリーズ,2,4
3796,レッズ,マーリンズ,4,2
3797,レッズ,マーリンズ,0,1
3798,メッツ,フィリーズ,3,1
3799,レッズ,マーリンズ,1,5
3800,レッズ,マーリンズ,0,6
3801,メッツ,フィリーズ,8,2
3802,ナショナルズ,フィリーズ,5,3
3803,ナショナルズ,フィリーズ,5,4
3804,ナショナルズ,フィリーズ,6,8
3805,カブス,フィリーズ,1,2
3806,カブス,フィリーズ,7,1
3807,カブス,フィリーズ,8,1
3808,ナショナルズ,フィリーズ,3,1
3809,ナショナルズ,フィリーズ,5,1
3810,マーリンズ,フィリーズ,2,14
3811,マーリンズ,フィリーズ,4,5
3812,マーリンズ,フィリーズ,6,4
3813,メッツ,フィリーズ,9,4
3814,メッツ,フィリーズ,2,5
3815,メッツ,フィリーズ,0,4
3816,ブレーブス,フィリーズ,10,2
3817,ブレーブス,フィリーズ,0,3
3818,ブレーブス,フィリーズ,1,3
3819,ツインズ,Wソックス,4,8
3820,カブス,ロッキーズ,9,7
3821,カブス,ブリュワーズ,0,4
3822,ナショナルズ,レッズ,2,0
3823,パイレーツ,タイガース,13,10
3824,パイレーツ,タイガース,8,6
3825,Wソックス,ロイヤルズ,8,0
3826,レイズ,ヤンキース,4,11
3827,ロイヤルズ,タイガース,2,3
3828,マリナーズ,ツインズ,1,0
3829,ブルージェイズ,インディアンス,13,11
3830,ブルージェイズ,インディアンス,4,13
3831,ブレーブス,カブス,6,5
3832,ヤンキース,タイガース,7,4
3833,ヤンキース,タイガース,2,4
3834,エンゼルス,ロイヤルズ,0,2
3835,オリオールズ,Rソックス,2,6
3836,Wソックス,ツインズ,6,3
3837,Wソックス,ツインズ,1,2
3838,Wソックス,ツインズ,8,5
3839,ロイヤルズ,ブルージェイズ,4,5
3840,カージナルス,カブス,5,8
3841,レイズ,オリオールズ,10,3
3842,タイガース,パイレーツ,3,8
3843,マリナーズ,タイガース,9,5
3844,メッツ,フィリーズ,6,9
3845,フィリーズ,オリオールズ,5,4
3846,ヤンキース,ナショナルズ,4,2
3847,カブス,ブレーブス,5,4
3848,ヤンキース,オリオールズ,10,3
3849,ドジャース,カブス,4,3
3850,アスレチックス,Wソックス,4,6
3851,メッツ,ヤンキース,8,5
3852,ブレーブス,ナショナルズ,3,8
3853,Rソックス,オリオールズ,5,0
3854,ロイヤルズ,ヤンキース,4,5
3855,マーリンズ,ブレーブス,1,9
3856,ロッキーズ,カブス,2,1
3857,アスレチックス,ヤンキース,2,7
3858,ロッキーズ,ブリュワーズ,2,3
3859,ブレーブス,ドジャース,0,6
3860,ロッキーズ,ブリュワーズ,0,4
3861,ブレーブス,ドジャース,0,3
3862,ヤンキース,Rソックス,4,5
3863,インディアンス,アストロズ,2,7
3864,ヤンキース,Rソックス,6,2
3865,インディアンス,アストロズ,1,3
3866,ブリュワーズ,ロッキーズ,6,0
3867,ドジャース,ブレーブス,5,6
3868,ドジャース,ブレーブス,6,2
3869,Rソックス,ヤンキース,16,1
3870,アストロズ,インディアンス,11,3
3871,Rソックス,ヤンキース,4,3
3872,ドジャース,ブリュワーズ,5,6
3873,ドジャース,ブリュワーズ,4,3
3874,アストロズ,Rソックス,7,2
3875,アストロズ,Rソックス,5,7
3876,ブリュワーズ,ドジャース,4,0
3877,Rソックス,アストロズ,8,2
3878,ブリュワーズ,ドジャース,1,2
3879,ブリュワーズ,ドジャース,2,5
3880,Rソックス,アストロズ,8,6
3881,Rソックス,アストロズ,4,1
3882,ドジャース,ブリュワーズ,2,7
3883,ドジャース,ブリュワーズ,5,1
3884,ドジャース,Rソックス,4,8
3885,ドジャース,Rソックス,2,4
3886,Rソックス,ドジャース,2,3
3887,Rソックス,ドジャース,9,6
3888,Rソックス,ドジャース,5,1
3889,カブス,ナショナルズ,4,3
3890,ナショナルズ,フィリーズ,7,6
3891,マーリンズ,メッツ,2,5
3892,オリオールズ,Rソックス,3,19
3893,アストロズ,オリオールズ,5,2
3894,ロッキーズ,ドジャース,2,5
3895,ブリュワーズ,カブス,3,1
